has_dimensions,has_units,has_x_separator,is_heavy,is_large,is_long,is_small,is_strong,is_thick,is_thin,word_count,length,width,height
0,0,0,0,0,0,0,0,0,0,1,14.814919847390872,21.06716932896189,27.040725536218638
0,0,1,0,0,0,0,0,0,0,3,41.07060760358309,71.93725614159564,42.44920249626513
0,0,0,0,0,0,0,0,0,0,2,12.853987165607938,13.17200974574206,12.005054038376512
0,0,1,0,0,0,0,0,0,0,1,17.90762034561943,17.877316196969318,14.984014827370382
0,0,0,0,0,0,1,0,0,0,2,4.143315367977419,2.004805714540386,3.628928635025595
0,0,0,0,0,0,0,0,0,0,2,60.967864491875154,76.1320031192661,13.947215479042361
0,0,0,0,1,0,0,0,0,0,3,199.50156902026305,123.69575880434869,166.98516829314187
0,0,0,0,0,0,0,0,0,0,1,12.670566889883677,26.1489675652062,18.042201398596937
0,0,0,0,0,0,1,0,0,0,2,4.966514456309342,4.393955565679519,4.244892837405088
0,0,0,0,1,0,0,0,0,0,2,184.30634598609905,108.44971572067682,120.1700933509255
0,0,0,0,0,0,0,0,0,0,2,72.36997575303096,73.92407529348728,54.46584892680865
0,0,0,0,0,0,0,0,0,0,1,72.81969069928587,93.62646544016533,14.948115196938126
0,0,1,0,0,0,1,0,0,0,2,2.2821804344344536,2.8345689724335044,2.941849284076246
0,0,0,0,0,0,0,0,0,0,2,114.41951574674955,93.6018092843032,9.687143641349806
0,0,0,0,0,0,0,0,0,0,2,16.77365251465946,26.03710777107106,18.170760392508814
0,0,0,0,0,0,0,0,0,0,1,21.423341359436023,20.129313160048877,22.81545592740348
0,0,0,0,0,0,0,0,0,0,1,105.23983633213166,91.3438055470551,13.066827983967988
0,0,0,0,0,0,1,0,0,0,2,3.990601700972565,2.5605476792117807,3.550269641471677
0,0,1,0,0,0,0,0,0,0,2,46.038886921056495,53.183314691248356,68.5526080249969
0,0,0,0,0,0,0,0,0,0,2,83.90697979438116,60.9055536891057,2.276396703397997
0,0,0,0,0,0,0,0,0,0,1,72.08231222865996,93.9761042445366,3.4124740075956432
0,0,1,0,0,0,0,0,0,0,2,49.84273433195478,66.46741543941543,60.284095996156054
0,0,0,0,0,0,1,0,0,0,2,2.0579534124960235,4.54251832828851,3.770227310387457
0,0,1,0,0,0,0,0,0,0,1,23.421768278304818,19.296004030156933,16.442963923293007
0,0,0,0,0,0,0,0,0,0,1,87.66157318283766,41.893511546833594,2.8541567967455963
0,0,1,0,0,0,1,0,0,0,2,3.2739170835354026,2.6267847379185785,4.019548943090245
0,0,0,0,1,0,0,0,0,0,2,188.98904043801835,116.70286907501355,154.8230667098308
0,0,0,0,1,0,0,0,0,0,2,108.04323460678577,120.59811082980329,193.44095468414946
0,0,0,0,1,0,0,0,0,0,2,188.49940436630732,152.97134434900903,129.22943361169496
0,0,0,0,1,0,0,0,0,0,2,125.78902502441855,166.40988970182934,192.79932659438106
0,0,0,0,0,0,0,0,0,1,2,58.169872170936884,23.36856443276468,1.0680805266118183
0,0,0,0,0,0,0,0,0,0,1,77.43417449705018,43.713774178297726,61.33256196095271
0,0,0,0,1,0,0,0,0,0,2,139.41739795074264,157.07028058712712,154.42011265984075
0,0,0,0,0,0,0,0,0,0,1,52.19383928029471,48.46035718646597,58.966614122281854
0,0,0,0,0,0,0,0,0,0,1,67.65723791309505,54.81951383837858,12.632559023044301
0,0,0,0,0,0,0,0,0,0,1,48.51853037398941,54.02069389971119,58.65630116963754
0,0,1,0,0,0,1,0,0,0,3,4.868120890477918,2.2115581383668625,3.5276171832001344
0,0,1,0,0,0,0,0,0,0,2,58.33333997090676,60.136576722896486,43.2412265912088
0,0,1,0,0,0,0,0,0,0,2,40.659810257987026,53.494162818548546,48.433489970483194
0,0,0,0,0,0,0,0,0,0,2,49.56753313138119,63.38233987710933,59.28372068955785
0,0,0,0,0,0,0,0,0,0,1,72.33724978224268,92.85593811098681,9.44815704401379
0,0,1,0,0,0,0,0,0,0,2,57.48792945850027,72.95451397809194,69.32500040479873
0,0,0,0,1,0,0,0,0,0,3,162.46933473556646,188.3732397486566,148.75053632792537
0,0,0,0,0,0,0,0,0,0,1,27.5914107415148,74.10394324612234,1.371495673396948
0,0,1,0,0,0,0,0,0,0,1,25.40985972521864,23.65043262619275,28.330089040995954
0,0,0,0,0,0,0,0,0,1,2,67.47549846976361,66.29285688567849,2.6356752520127524
0,0,0,0,0,0,0,0,0,0,1,18.798563549841266,11.814478528656716,13.004432841357609
0,0,1,0,0,0,0,0,0,0,2,70.80918456413505,60.65912004007252,41.473008269361756
0,0,0,0,0,0,0,0,0,0,3,125.84442085003344,53.12501055046674,9.856927630534898
0,0,0,0,0,0,1,0,0,0,2,3.104391325703365,2.3662368119066346,2.071220038443003
0,0,1,0,0,0,0,0,0,0,2,15.41789825589452,14.734183845868802,15.087884407274398
0,0,1,0,1,0,0,0,0,0,3,161.1280296621893,105.22577350525538,138.93139722254753
0,0,0,0,0,0,0,0,0,0,1,111.2840288037408,59.47301754835409,11.977609539571485
0,0,0,0,0,0,0,0,0,0,1,17.136856303325075,17.96159568548652,19.442623591093636
0,0,1,0,1,0,0,0,0,0,2,129.5822081779229,136.1690998496483,188.61910784520842
0,0,0,0,0,0,0,0,0,0,1,26.683202027969553,21.834512115781443,15.033143592612364
0,0,0,0,0,0,0,0,0,0,1,79.77437724210348,56.965294279344285,4.3185677752826885
0,0,0,0,0,0,0,0,0,1,2,80.61874851617756,67.75708828479213,2.6530363923790468
0,0,0,0,0,0,1,0,0,0,2,4.458316792654822,4.581358055972714,4.8305268202059555
0,0,0,0,1,0,0,0,0,0,2,145.13248176610077,142.8956893491497,150.49115859523585
0,0,0,0,0,0,0,0,0,0,3,134.23410114829238,85.5031014332181,9.478743260948622
0,0,0,0,0,0,0,0,0,0,1,122.54886768023968,71.56258810939376,11.160442063954466
0,0,0,0,0,0,1,0,0,0,3,3.4320509068212774,3.9512454886134645,3.8571533048951365
0,0,0,0,1,0,0,0,0,0,2,166.04552989781047,111.1963501079305,188.42946887492724
0,0,1,0,0,0,1,0,0,0,2,3.868775095527966,4.2990308657643155,2.0833555867227593
0,0,0,0,0,0,1,0,0,0,3,3.9317593162856412,2.472247827629208,4.087269937519979
0,0,1,0,0,0,0,0,0,0,2,68.20477037876711,40.96645277791371,66.2944797986183
0,0,0,0,1,0,0,0,0,0,2,198.867819166007,176.47210720192402,163.27942227366466
0,0,0,0,1,0,0,0,0,0,2,164.06338236594678,114.22354869760795,196.50627664869376
0,0,1,0,0,0,0,0,0,0,2,51.3949251417233,64.69011499464126,77.57080074893088
0,0,0,0,0,0,0,0,0,0,1,15.74389114380675,15.982820015399042,13.84464026931295
0,0,0,0,0,0,1,0,0,0,2,4.7811730108836485,2.582358126691164,4.978314158179799
0,0,1,0,0,0,0,0,0,0,2,71.30326489630872,60.0775817823169,48.522711526076925
0,0,1,0,0,0,0,0,0,0,3,70.67221727589916,40.723413084045724,43.626954470383914
0,0,0,0,0,0,0,0,0,0,1,38.04974259728905,96.4201664583241,2.198178995461484
0,0,0,0,1,0,0,0,0,0,2,184.5482206189784,177.31953577696748,134.21837948444846
0,0,0,0,0,0,0,0,0,0,1,77.25290539473092,51.868132300914574,70.68653335318764
0,0,0,0,0,0,1,0,0,0,2,3.566842533184493,3.0501014794932684,3.1066979719807364
0,0,0,0,0,0,0,0,0,0,1,52.73606233629174,49.45714292363253,53.145481212107896
0,0,0,0,0,0,0,0,0,0,2,37.19868805067918,57.09421814494887,3.832833736726882
0,0,0,0,1,0,0,0,0,0,2,183.410163743669,136.92183877653426,134.18017313356148
0,0,0,0,0,0,1,0,0,0,2,3.855933358480817,4.591359751462094,3.9604932468465406
0,0,0,0,0,0,0,0,0,0,1,16.855131619518918,14.488359578112465,23.52242709826562
0,0,1,0,0,0,0,0,0,0,2,40.471059554925205,78.82443531150903,68.85083988093388
0,0,0,0,0,0,0,0,0,0,1,20.973676704570728,13.41994559435119,25.396006110732415
0,0,1,0,0,0,0,0,0,0,2,58.78036702793261,61.13859931819537,68.10030651268
0,0,1,0,0,0,0,0,0,0,2,48.080054165591875,60.55588753103454,59.21794270123032
0,0,1,0,0,0,0,0,0,0,2,76.85468872471988,51.22572987222495,65.19736507247553
0,0,1,0,0,0,1,0,0,0,2,2.0940932157973515,2.853919884203837,3.9089304031147156
0,0,1,0,0,0,1,0,0,0,3,2.330608299677877,2.9835087903488056,3.2012475789783577
0,0,0,0,0,0,1,0,0,0,2,3.367775148265469,2.306654653601624,4.053774536217579
0,0,0,0,0,0,0,0,0,0,1,116.01400261637829,61.161914089935664,6.087623429341909
0,0,0,0,0,0,0,0,0,0,1,136.53733672471674,54.579416233358884,7.682465136693223
0,0,0,0,0,0,0,0,0,0,1,26.966433514597465,44.719756769491916,1.613498765380676
0,0,1,0,0,0,0,0,0,0,2,78.02169344854445,50.92727708219329,47.920299969064494
0,0,0,0,0,0,0,0,0,0,1,39.75346668533902,70.80039819011198,2.5923152022615135
0,0,1,0,0,0,0,0,0,0,2,52.84794455518181,48.827324614326415,76.38440618014232
0,0,0,0,0,0,0,0,0,0,1,14.756363161383101,25.92344329600018,27.959086687880873
0,0,0,0,0,0,0,0,0,0,1,146.27174149115166,72.85885506606353,11.069460445554176
0,0,1,0,0,0,1,0,0,0,2,3.647136998687593,2.0508523573842745,3.7359581351056756
0,0,0,0,1,0,0,0,0,0,2,186.8296027079708,155.64894616921666,158.11623102666073
0,0,0,0,0,0,0,0,0,0,1,126.33341755039238,57.14476058342275,8.976408667145044
0,0,1,0,0,0,0,0,0,0,3,49.53994261328447,52.056312086828456,56.365908944524406
0,0,0,0,0,0,0,0,0,0,1,52.96982035006977,54.48734934142141,3.8847784380446044
0,0,0,0,0,0,0,0,0,0,1,29.416700753833013,23.32899995664797,14.669818593096355
0,0,0,0,0,0,0,0,0,0,3,12.052679260087565,15.794390170044945,23.496952446711283
0,0,0,0,0,0,0,0,0,0,1,121.6605369230156,59.679696298651706,12.566912488442057
0,0,1,0,1,0,0,0,0,0,2,182.21739457933592,177.12783734598037,154.815523728669
0,0,0,0,0,0,0,0,0,0,3,53.47087187188918,93.61961565707607,3.9779884124994376
0,0,0,0,0,0,0,0,0,0,1,103.43358506346766,53.488288616553,10.036826041750961
0,0,1,0,0,0,0,0,0,0,2,12.037247851595243,25.56416119320641,26.266850810140344
0,0,1,0,0,0,1,0,0,0,2,3.512955777819159,4.010547573624944,4.427116630339519
0,0,0,0,0,0,0,0,0,0,2,137.5279893295214,92.2482660476826,11.857079402663686
0,0,0,0,0,0,0,0,0,0,1,100.06911634497756,66.57366921099513,8.347566976444947
0,0,1,0,0,0,0,0,0,0,2,24.64558610214314,21.041670758223354,23.771075904345672
0,0,0,0,0,0,0,0,0,0,3,37.6087460274453,42.74290205333773,1.3128262049778545
0,0,0,0,0,0,0,0,0,0,3,67.45717098381483,56.70590467070042,11.491892592918358
0,0,0,0,0,0,0,0,0,0,1,125.13345869601005,98.03463897332702,13.119649288386059
0,0,0,0,0,0,0,0,0,0,1,33.51048997515102,37.06903116936428,4.002457134645752
0,0,1,0,0,0,1,0,0,0,2,2.8758539452185823,3.299746853161575,4.361349440849381
0,0,0,0,0,0,0,0,0,0,1,21.296005142471767,26.51228996163291,20.885381074606542
0,0,1,0,0,0,0,0,0,0,2,46.62809960233491,76.14783685728806,78.81723559242144
0,0,0,0,0,0,0,0,0,0,2,15.671842562026468,23.665904629825903,28.450667370528862
0,0,0,0,0,0,1,0,0,0,2,4.154715953199831,2.3588473172331477,4.867757289584281
0,0,1,0,0,0,0,0,0,0,2,23.17633657086528,13.557200663584277,23.094094040624995
0,0,0,0,0,0,0,0,0,0,3,119.9538020745081,55.62673785233009,12.60521263217079
0,0,0,0,0,0,1,0,0,0,3,3.2303008028458393,2.1011089708854556,3.4097171480412958
0,0,1,0,1,0,0,0,0,0,2,164.58711675255967,105.84279040949086,103.95208505362386
0,0,0,0,0,0,1,0,0,0,3,2.700341777281219,4.747889165100926,4.425143867183319
0,0,1,0,1,0,0,0,0,0,3,144.81044102719198,188.47761255026643,151.64455222001675
0,0,0,0,0,0,0,0,0,0,2,53.78352635232275,58.741084687629424,72.00805906057155
0,0,0,0,0,0,0,0,0,0,1,10.557732795359643,26.836068323302243,28.849952179858832
0,0,1,0,0,0,1,0,0,0,2,2.0438657339736332,3.1503336508905537,4.289174451052111
0,0,1,0,0,0,0,0,0,0,2,56.229174288349455,63.05238991484428,49.23684520213003
0,0,0,0,1,0,0,0,0,0,3,113.97146471283764,115.39452554931566,175.99387968964322
0,0,1,0,0,0,0,0,0,0,4,68.62968769041174,78.9398076179197,54.12722515262358
0,0,0,0,0,0,0,0,0,1,2,48.73744532691023,34.91793350110846,3.7754395080442444
0,0,0,0,0,0,0,0,0,0,2,56.06290396484678,85.0500467433757,1.1825454057835816
0,0,0,0,0,0,1,0,0,0,3,3.5758011461410777,3.660815648487188,2.7055210492604247
0,0,0,0,0,0,1,0,0,0,4,3.0684892223042324,4.764266286955452,3.2799311502077035
0,0,1,0,0,0,0,0,0,0,2,45.05721021324088,79.57095761170791,43.46871981681173
0,0,0,0,1,0,0,0,0,0,2,127.86960749273494,195.84984399966834,179.53188264993042
0,0,1,0,0,0,0,0,0,0,3,57.00404285661942,66.44892029794116,61.576315404930725
0,0,1,0,0,0,0,0,0,0,2,16.981420849654732,15.443677441334419,17.69258872991943
0,0,0,0,0,0,0,0,0,0,2,144.0288401602774,91.71061242854569,10.291984821522968
0,0,1,0,0,0,0,0,0,0,2,76.28145001062394,55.59846910804508,78.09273824921925
0,0,0,0,0,0,0,0,0,0,1,69.76437402185653,97.55624967361553,3.2206357824304392
0,0,0,0,0,0,0,0,0,0,1,57.97594589275133,39.166917914676304,3.726745688940089
0,0,0,0,0,0,0,0,0,0,1,13.709258428794355,26.608055872679635,21.574344593937088
0,0,0,0,0,0,0,0,0,0,1,20.147271564016442,21.388650261747657,27.379858705069008
0,0,1,0,0,0,0,0,0,0,3,68.24593080851719,51.87796964607955,57.28993974775467
0,0,1,0,0,0,0,0,0,0,2,40.80022218343093,63.98772632458639,63.97456580072896
0,0,1,0,0,0,0,0,0,0,3,45.303393760031355,77.95847923808742,68.42315799697488
0,0,1,0,0,0,0,0,0,0,4,62.92769089993911,55.75403815852732,58.10161480549416
0,0,0,0,0,0,0,0,0,0,1,132.8876945027505,88.40925708464778,13.97209062782858
0,0,1,0,0,0,0,0,0,0,2,77.85674031782469,71.33742471815515,49.732751190888955
0,0,1,0,0,0,0,0,0,0,2,57.321126830115716,67.85789530374845,41.89377882720918
0,0,1,0,0,0,0,0,0,0,1,13.746582203386254,12.350145308569447,18.94221879335237
0,0,0,0,0,0,0,0,0,0,2,125.73658785015827,69.17230323502915,5.30461917382868
0,0,1,0,0,0,1,0,0,0,2,3.4191053992078877,3.1277531469746847,2.870591164129411
0,0,1,0,0,0,0,0,0,0,2,76.02974664653058,72.5002388871007,47.927306561758705
0,0,0,0,0,0,0,0,0,0,1,59.94254479056571,71.51005243221405,79.36098849063576
0,0,0,0,0,0,0,0,0,0,1,13.109540936292287,19.551645851860876,21.47029632305437
0,0,1,0,0,0,0,0,0,0,1,25.224315842328565,12.994550548986597,11.32703686974062
0,0,0,0,0,0,0,0,0,0,1,28.78066441761764,28.19211398890399,24.439129950522407
0,0,1,0,0,0,0,0,0,0,1,20.25781148255092,18.88075457832857,28.355988107715472
0,0,0,0,0,0,0,0,0,0,1,70.37330651535044,52.925432856020045,51.83161340980209
0,0,1,0,0,0,0,0,0,0,1,10.365242876267114,24.830652664543898,16.070450532691634
0,0,0,0,0,0,0,0,0,0,2,14.39461964678246,27.299492605925398,19.56963544601313
0,0,1,0,0,0,0,0,0,0,4,63.0514811510651,43.98280704950642,42.63872300827793
0,0,0,0,0,0,1,0,0,0,3,2.567825353506214,3.2011275193878843,2.265037218037185
0,0,0,0,1,0,0,0,0,0,2,150.16291879253373,141.68178998663973,152.0328368686685
0,0,0,0,1,0,0,0,0,0,2,181.12162909376133,125.65949649704855,140.14973809987686
0,0,0,0,0,0,0,0,0,1,2,20.06994062420061,38.58969078986655,4.727837225202759
0,0,0,0,0,0,1,0,0,0,2,3.960084738603342,3.91135407670273,4.82154055016848
0,0,0,0,0,0,0,0,0,0,2,40.122147164225915,55.49806148513175,59.14508278350198
0,0,0,0,0,0,0,0,0,0,2,22.665838261574258,98.23895820901353,1.5888127287115568
0,0,0,0,0,0,0,0,0,0,1,101.09920384324548,70.88055190748321,11.799543677611512
0,0,0,0,0,0,0,0,0,0,1,65.74698675952692,77.82100053336876,3.219357866180075
0,0,0,0,0,0,0,0,0,1,2,95.41058531972071,66.02639161562853,3.25649521072411
0,0,0,0,0,0,0,0,0,0,1,107.51066877265981,82.15070242687727,13.948733192021056
0,0,0,0,1,0,0,0,0,0,2,150.4768301356732,171.76977214711783,151.25034624559692
0,0,0,0,0,0,0,0,0,0,1,27.931533752660496,87.64264623046738,2.6304608691583646
0,0,1,0,0,0,1,0,0,0,2,3.8667356496912237,3.5578110146179616,4.714690342923753
0,0,1,0,1,0,0,0,0,0,3,128.07881861659104,185.4741996643735,181.51035096050407
0,0,0,0,0,0,1,0,0,0,2,3.136625499699626,4.406167426960089,4.125702417225123
0,0,0,0,0,0,0,0,0,0,1,80.82756110441345,60.83673247131392,10.865730768052547
0,0,0,0,0,0,0,0,0,0,2,99.39350636556202,63.85232762496586,5.840358069625356
0,0,1,0,1,0,0,0,0,0,2,145.94585292129443,154.00462236007849,170.54005608720303
0,0,0,0,0,0,0,0,0,0,2,48.96849539331693,49.992596366975775,1.1486937854880672
0,0,1,0,0,0,0,0,0,0,2,66.40305703774524,75.23936490778662,76.39650275850103
0,0,0,0,0,0,0,0,0,0,1,14.703435542902055,25.60236041000362,17.626803179987043
0,0,0,0,0,0,0,0,0,0,1,74.39245501364388,95.71309228364552,13.794256187219073
0,0,1,0,1,0,0,0,0,0,2,135.3180039176651,191.5990821804776,139.0307858993827
0,0,0,0,0,0,0,0,0,0,1,123.65125844680776,95.40474602248096,11.83625092195415
0,0,0,0,0,0,0,0,0,0,1,53.75654966611168,20.79320646321439,3.9687091579162246
0,0,0,0,0,0,0,0,0,0,1,74.6057262194665,84.97567552486186,11.307052313018103
0,0,0,0,0,0,0,0,0,0,1,22.200385104977382,20.854030429386228,13.827837251605583
0,0,0,0,0,0,0,0,0,0,2,63.537248663344926,67.65030676161255,3.8389333489984607
0,0,0,0,1,0,0,0,0,0,2,189.6482965082879,172.3236449318492,102.19494432945694
0,0,0,0,1,0,0,0,0,0,2,163.25897438247182,184.15208110427432,191.07361816822674
0,0,0,0,0,0,0,0,0,0,1,92.33380056450129,75.69939456637748,4.973288260181684
0,0,1,0,0,0,0,0,0,0,1,27.48166776520645,29.515670447987755,23.775215604097518
0,0,1,0,1,0,0,0,0,0,2,173.7435818295752,107.49101181748641,128.90993829620118
0,0,1,0,0,0,0,0,0,0,1,12.648584843429063,29.440767260981232,23.8045597936628
0,0,1,0,0,0,0,0,0,0,3,66.57870188548557,43.9870231857279,49.72678852005293
0,0,1,0,0,0,0,0,0,0,1,29.343157483578636,18.15625133779826,16.28082018873414
0,0,0,0,1,0,0,0,0,0,4,130.8472629170452,107.88833561003003,156.4453613403996
0,0,0,0,0,0,1,0,0,0,2,4.758011492747907,2.718576576747661,4.145359297813675
0,0,0,0,0,0,0,0,0,1,3,21.72397114202883,46.46508669254783,3.1874168947764767
0,0,0,0,0,0,1,0,0,0,2,3.333878309895818,2.584374087145759,3.59872336584077
0,0,0,0,0,0,1,0,0,0,3,4.829213248325928,3.2151360656360035,2.7350570166183994
0,0,0,0,0,0,1,0,0,0,2,3.9039418173303155,2.5636505868216553,3.7233799680081474
0,0,1,0,0,0,0,0,0,0,3,59.705831973849826,41.71864585687167,70.1305218189806
0,0,0,0,0,0,1,0,0,0,2,2.356679561009348,4.119310137329282,4.825973040722965
0,0,0,0,0,0,0,0,0,0,1,65.98593241554266,63.697500854764485,10.67226337533278
0,0,0,0,0,0,0,0,0,0,1,37.80953081218962,98.18133699529552,2.416373432581792
0,0,1,0,0,0,0,0,0,0,1,25.221522067226243,18.498434867279663,24.13691033852508
0,0,1,0,0,0,1,0,0,0,2,4.1673109222164175,3.8275128283537208,3.6073500335463953
0,0,0,0,0,0,0,0,0,0,1,67.27942810360042,65.61630102683237,14.06064810813522
0,0,1,0,0,0,0,0,0,0,2,77.41163339440102,44.20323390171906,45.51017985804602
0,0,0,0,0,0,0,0,0,0,1,23.084832029443035,15.056007027548732,16.221864614260788
0,0,1,0,0,0,0,0,0,0,2,11.99052977522131,12.474958173398251,18.040223242147775
0,0,0,0,0,0,0,0,0,0,1,138.52463450059506,57.67960130942644,11.189602272089896
0,0,0,0,1,0,0,0,0,0,3,179.07413300462397,102.02794612953822,190.10456133335936
0,0,0,0,0,0,0,0,0,0,3,83.41493964219626,57.06378133084145,2.2755541101074774
0,0,0,0,0,0,0,0,0,0,1,96.15931133548324,33.35128395269224,2.2599410428341926
0,0,1,0,0,0,0,0,0,0,1,19.345219731607454,16.34890856478874,29.367821318853515
0,0,1,0,1,0,0,0,0,0,3,196.86310487779332,119.24265222420257,174.99167357802182
0,0,0,0,0,0,0,0,0,0,1,72.6482135784863,34.9499491305475,3.1571523457760176
0,0,0,0,1,0,0,0,0,0,2,167.61047570610364,122.7614019616163,152.09555271430457
0,0,0,0,0,0,0,0,0,0,1,108.24375854830603,65.5208846059331,7.96449975433097
0,0,1,0,0,0,0,0,0,0,2,51.703093160990846,42.07679988279352,79.66589617892987
0,0,0,0,0,0,0,0,0,1,3,47.74214048526496,89.86069546212768,3.014416220291692
0,0,0,0,0,0,0,0,0,0,1,144.946631470754,73.39203869373756,11.454321429491442
0,0,0,0,0,0,0,0,0,0,1,73.61394322853792,99.12222730273481,13.936161675861472
0,0,1,0,0,0,0,0,0,0,3,21.63483521814975,11.859926000796786,10.849100531380742
0,0,1,0,1,0,0,0,0,0,2,190.859172228148,171.11367391915968,191.37037293700104
0,0,0,0,0,0,0,0,0,0,2,103.23030538030672,98.53611582938231,12.327540878391565
0,0,1,0,0,0,0,0,0,0,1,23.631693590663517,16.999207152570214,13.32371513023628
0,0,0,0,1,0,0,0,0,0,2,132.15087158108236,128.11290528522971,146.55257985930223
0,0,0,0,0,0,0,0,0,1,2,29.780990616298382,56.43834446344069,3.5324651962637126
0,0,0,0,0,0,0,0,0,0,3,75.23536456070028,42.21585792035052,51.27328901730877
0,0,0,0,0,0,0,0,0,0,1,21.440588686579325,10.435699986165197,18.63618205900852
0,0,0,0,1,0,0,0,0,0,2,179.61791419553242,123.13032504326567,101.05937867910609
0,0,0,0,0,0,0,0,0,0,1,51.31963409788518,78.80044654337448,48.51181508519814
0,0,0,0,1,0,0,0,0,0,2,118.14083048100588,157.25271214358105,179.1470836118239
0,0,0,0,1,0,0,0,0,0,2,170.10453983545108,158.02333589957263,103.3461296489766
0,0,0,0,0,0,0,0,0,0,3,38.53507783762036,64.96175309607486,3.3914131675482615
0,0,1,0,0,0,1,0,0,0,2,2.423762096957922,3.699725258868655,2.421486632785069
0,0,1,0,0,0,0,0,0,0,3,49.54871041443608,70.51559344535427,78.28843890327974
0,0,1,0,0,0,0,0,0,0,2,75.81777650789874,43.25328689543822,42.44535260590572
0,0,0,0,0,0,0,0,0,0,1,11.930899257150083,26.11464623436075,15.735680816810993
0,0,1,0,0,0,1,0,0,0,3,3.426582128583062,3.26806407369537,3.7938563450600444
0,0,1,0,0,0,1,0,0,0,2,3.5898359399090034,4.66357521642656,2.961428379314381
0,0,0,0,0,0,0,0,0,0,3,57.11770079442354,66.81827843032838,72.66775744601924
0,0,0,0,0,0,0,0,0,1,3,63.42442888727798,25.199027651513735,2.352613097075255
0,0,0,0,0,0,0,0,0,0,1,77.6022918559474,34.08154872866654,2.4656441968351546
0,0,1,0,0,0,0,0,0,0,1,27.87812944635452,20.43380382458486,24.11398989306318
0,0,0,0,0,0,0,0,0,0,2,110.60672534049603,56.47100365508053,12.125923196695751
0,0,0,0,0,0,0,0,0,1,2,49.8689748519093,80.72132390099037,2.2084006868614288
0,0,0,0,0,0,0,0,0,0,1,13.106786973355876,24.83776294651765,28.389896310711332
0,0,1,0,0,0,0,0,0,0,2,15.230862825198281,28.916557416532417,25.173002433815114
0,0,0,0,0,0,0,0,0,0,1,19.42579593894452,20.048981853751958,17.245685069171152
0,0,1,0,0,0,0,0,0,0,2,65.08610972504576,76.1545472811152,46.0270741871619
0,0,0,0,0,0,0,0,0,0,1,56.83671126303243,71.36884078823272,5.089424277666893
0,0,0,0,0,0,0,0,0,0,2,50.35165252313694,44.90226307875622,79.63902757597101
0,0,1,0,0,0,1,0,0,0,2,3.8443176379128237,3.7499499675260757,3.0810786495210936
0,0,0,0,0,0,0,0,0,0,2,66.41265366168007,49.91299735328941,76.15518285157509
0,0,1,0,0,0,0,0,0,0,2,10.37728007807697,16.265838645277583,10.741649829106654
0,0,0,0,0,0,0,0,0,0,2,26.50331920784251,21.28793904372344,19.53044219402247
0,0,0,0,0,0,0,0,0,0,1,122.3892090725416,79.3582363494664,8.26780120274818
0,0,1,0,0,0,0,0,0,0,2,50.60386785283163,72.31457293669095,70.13265636896666
0,0,0,0,0,0,0,0,0,0,1,17.48968214469182,18.312670133021467,26.25188829645443
0,0,0,0,1,0,0,0,0,0,2,182.0087703596327,197.5673424182806,139.18692299906385
0,0,1,0,0,0,1,0,0,0,2,3.0332584638337443,2.9876203203452523,3.075861937316895
0,0,0,0,0,0,0,0,0,0,1,72.16012791163851,93.1607757218103,6.236320395575644
0,0,0,0,0,0,0,0,0,0,1,76.49508764362602,58.988511555265646,3.0772656888505767
0,0,0,0,1,0,0,0,0,0,2,132.91677791868153,192.18783235390885,121.01438624615103
0,0,0,0,0,0,0,0,0,0,1,90.32857455068934,36.70854606296256,4.464544214237652
0,0,0,0,0,0,0,0,0,0,1,51.81060833210298,78.02332178451222,8.575465129338193
0,0,0,0,0,0,0,0,0,0,2,21.519238753485734,23.80736264128898,17.382460285330154
0,0,0,0,0,0,0,0,0,0,3,14.588754093866463,22.44440364697213,20.166601144188217
0,0,1,0,0,0,1,0,0,0,2,4.884797056119901,3.4902846232663034,4.549565100251685
0,0,0,0,0,0,0,0,0,0,1,133.89594827234671,65.56534648856974,7.5898630284785185
0,0,0,0,0,0,0,0,0,0,3,82.81423843317528,72.00434340163501,10.465301451356883
0,0,0,0,0,0,0,0,0,1,2,29.809223617392504,47.779878299615575,4.722777378134186
0,0,0,0,1,0,0,0,0,0,2,186.0344286847749,109.09415557096538,127.57750602170819
0,0,1,0,0,0,0,0,0,0,2,77.80253593390259,58.1322568451109,74.81895817051952
0,0,0,0,0,0,0,0,0,0,2,18.2351626957297,24.070006576920093,25.387438038663017
0,0,0,0,1,0,0,0,0,0,2,129.84984372997442,131.38831241052904,193.9702249496109
0,0,0,0,0,0,0,0,0,0,1,51.073677448446276,61.60022200488173,41.40796547362223
0,0,1,0,1,0,0,0,0,0,2,105.12511920795137,169.06457924976192,106.24603920293154
0,0,1,0,0,0,0,0,0,0,2,51.95386932203388,67.31779635560964,65.81825332967355
0,0,0,0,0,0,0,0,0,1,2,23.144588997717015,48.87706741277751,4.53665377674378
0,0,0,0,0,0,0,0,0,0,1,93.73331051826011,91.66769206169172,10.430125417296765
0,0,1,0,0,0,0,0,0,0,3,46.59165860409023,52.282478793997434,67.87614555589141
0,0,0,0,0,0,0,0,0,0,2,140.59007041157827,99.90810617273316,11.350391472225176
0,0,0,0,0,0,0,0,0,0,3,42.31104474752912,79.51182987132256,4.708073237930725
0,0,0,0,0,0,0,0,0,0,2,72.1730463575264,70.85430970899934,9.047087007068578
0,0,1,0,0,0,0,0,0,0,3,67.91313367585835,52.171036177860735,78.6975647507185
0,0,1,0,0,0,0,0,0,0,2,42.7998196265481,61.37466858611216,65.70431394871808
0,0,0,0,1,0,0,0,0,0,2,103.73973066227411,173.43525387882278,106.5970608776519
0,0,0,0,0,0,0,0,0,0,1,28.096542238279504,12.105206633918947,10.136074820038187
0,0,0,0,0,0,1,0,0,0,2,3.3232919099916445,2.392201164948685,4.621065631944534
0,0,1,0,1,0,0,0,0,0,2,158.88963744706606,185.02791716585793,109.82319765607966
0,0,1,0,0,0,0,0,0,0,3,24.15724446939472,21.032284712448696,18.694404691510606
0,0,0,0,0,0,1,0,0,0,2,4.5617362506379955,2.1794829848747095,2.4251696959698483
0,0,0,0,0,0,1,0,0,0,2,4.939129375805824,2.626442285781656,2.2032629083672575
0,0,0,0,0,0,1,0,0,0,2,4.895054826246089,4.121958704652751,2.1205459740224266
0,0,0,0,0,0,0,0,0,1,2,98.73431771119091,23.97131119408746,2.8378712086764755
0,0,0,0,0,0,0,0,0,0,1,88.60615199569772,79.99842224445077,13.35309794519973
0,0,0,0,0,0,0,0,0,0,1,108.0678384054613,65.06043608473215,7.529114287714776
0,0,0,0,0,0,0,0,0,0,1,27.842090733290078,27.208717387828578,12.870202621965658
0,0,0,0,0,0,1,0,0,0,2,2.807248528809504,2.178273296209465,4.1978260779788705
0,0,0,0,0,0,0,0,0,0,2,76.97745987476942,69.37101920577159,2.5150978774245556
0,0,1,0,0,0,0,0,0,0,2,65.02767966791917,68.87742038367084,45.01963047279051
0,0,0,0,0,0,0,0,0,0,1,46.88312502228038,40.10890821620557,2.56979209185749
0,0,0,0,0,0,0,0,0,0,1,62.7645084629595,54.441308569179846,7.380305714095497
0,0,1,0,1,0,0,0,0,0,2,199.22936528124586,139.97934212485137,130.78523023093203
0,0,0,0,0,0,0,0,0,0,1,27.45136548816964,94.82357387329343,4.204707568411312
0,0,1,0,0,0,1,0,0,0,2,2.597998906227395,2.8810868810545633,3.291672059999535
0,0,0,0,0,0,0,0,0,0,2,67.7723599706934,65.08487851298703,45.06194882960321
0,0,0,0,0,0,0,0,0,0,2,81.65639039697199,88.73071656748732,12.996983688527914
0,0,1,0,0,0,0,0,0,0,2,47.15820326535527,42.96723538258903,50.43373724603144
0,0,0,0,0,0,0,0,0,0,1,71.98294925198664,76.45832644395928,56.729821529341834
0,0,0,0,0,0,0,0,0,0,1,28.044338348353698,29.9566585170829,14.340312002130425
0,0,0,0,0,0,0,0,0,0,1,145.24629647676585,88.70857174245656,5.449906700490613
0,0,0,0,0,0,1,0,0,0,2,4.087929404338984,4.14929972928222,4.895574497384814
0,0,0,0,0,0,0,0,0,0,2,43.70055356688602,28.470099978413394,3.350702663621744
0,0,1,0,0,0,0,0,0,0,2,64.40352312769646,62.02466101770215,43.159118282183016
0,0,0,0,0,0,0,0,0,0,1,148.23026138627847,80.5027836373863,10.03887415309091
0,0,0,0,0,0,1,0,0,0,2,4.867132562360775,4.900331567291047,4.077113662722042
0,0,0,0,0,0,0,0,0,1,2,87.03138226132397,98.98662237724754,2.4625210333124428
0,0,0,0,0,0,0,0,0,0,3,96.72014020934581,30.275132699409006,4.836373582428342
0,0,0,0,1,0,0,0,0,0,3,110.19194510222752,186.72315447186253,176.2428729289909
0,0,0,0,0,0,0,0,0,0,1,53.481661910413564,74.67889376912294,53.0394100256897
0,0,0,0,0,0,0,0,0,0,1,18.772977999764116,10.907657651148917,26.80005564685937
0,0,0,0,0,0,0,0,0,0,1,87.71121429398006,89.3273145477785,4.850833668449453
0,0,0,0,1,0,0,0,0,0,3,180.07707411887466,117.21893675363026,195.46959120756142
0,0,0,0,1,0,0,0,0,0,2,145.68959885589845,175.4505646443477,147.61858046987476
0,0,0,0,0,0,0,0,0,0,2,73.62486658905533,94.69971127214743,8.937604309967888
0,0,0,0,0,0,0,0,0,1,2,62.710678812862035,84.10425988040713,2.840404304268885
0,0,1,0,0,0,0,0,0,0,3,48.74782113927937,49.253974713307464,72.86402043950494
0,0,0,0,0,0,0,0,0,0,1,112.7513551551277,52.03471462661223,8.325008344691843
0,0,1,0,1,0,0,0,0,0,2,126.16518595187,171.9317550625966,150.01513664849028
0,0,1,0,0,0,0,0,0,0,3,51.544068095894154,41.81819985857118,79.31575730546791
0,0,1,0,1,0,0,0,0,0,4,195.54720104770053,131.90982987703012,127.59407148536806
0,0,0,0,1,0,0,0,0,0,2,175.6199434801798,174.23192121134872,152.2581368450936
0,0,0,0,1,0,0,0,0,0,2,186.1530981764481,136.17445748380837,198.02808504797474
0,0,0,0,0,0,0,0,0,0,1,135.90257349426878,85.60005313766699,11.331089912408432
0,0,0,0,0,0,0,0,0,0,1,36.90503462689171,88.01314915197406,4.5107294775831805
0,0,0,0,0,0,0,0,0,1,2,87.27202762771844,99.3075770906496,3.2953816429547955
0,0,1,0,0,0,0,0,0,0,2,70.30502453623208,72.20828345925177,63.40563102665229
0,0,0,0,0,0,0,0,0,0,1,21.090365816625827,14.444287535352444,20.463383309079642
0,0,0,0,0,0,0,0,0,0,1,41.062544224717215,28.313931357890986,2.092260540203736
0,0,0,0,0,0,0,0,0,0,1,71.20219378959138,21.488812366166155,4.735222730844976
0,0,0,0,0,0,0,0,0,0,1,128.17590850780022,88.01259822110413,12.236904179430953
0,0,0,0,0,0,1,0,0,0,2,2.961536813308884,3.063141196824835,2.4707539030354515
0,0,0,0,0,0,0,0,0,0,2,25.516631349815874,10.449302389400628,21.48904402405349
0,0,0,0,0,0,0,0,0,0,1,78.12359176168067,49.19190161635444,76.84417894424254
0,0,1,0,0,0,0,0,0,0,3,68.65850688394545,69.36651725367123,75.84219219435647
0,0,1,0,0,0,0,0,0,0,3,50.370120188277106,44.4107380404748,49.35593777102091
0,0,0,0,1,0,0,0,0,0,4,141.26141751334316,193.98161501317776,113.42297308050017
0,0,1,0,0,0,0,0,0,0,2,75.29960576614499,56.408258937780616,74.59115322724105
0,0,0,0,0,0,0,0,0,0,2,107.03678413570879,59.60946337924632,9.39956586416108
0,0,0,0,0,0,0,0,0,0,1,20.715451762759713,89.84967975883335,1.948683703628407
0,0,0,0,0,0,0,0,0,0,1,72.96893689771181,94.58558608572879,2.357020736034744
0,0,1,0,0,0,0,0,0,0,4,40.663420320865235,63.11063096774923,74.9972297465678
0,0,0,0,1,0,0,0,0,0,2,118.35931536851507,122.16189331094779,160.84360412023779
0,0,0,0,0,0,1,0,0,0,3,4.593412686031506,4.658017767969178,2.1496964153157827
0,0,1,0,0,0,0,0,0,0,1,10.98298696238289,23.901834825512342,17.876173973247596
0,0,0,0,0,0,1,0,0,0,2,2.5289486126473637,4.585870444701454,3.6818239365161127
0,0,0,0,0,0,0,0,0,0,1,74.90632238423133,60.34902724763893,61.0526283497397
0,0,0,0,0,0,0,0,0,0,2,17.341271317225107,25.70994485016236,16.853294942325046
0,0,0,0,0,0,0,0,0,0,1,63.54476584424714,84.845705939727,14.307035018168566
0,0,0,0,0,0,0,0,0,0,1,69.40549968319787,59.67318225407807,54.51665343038732
0,0,0,0,0,0,0,0,0,0,2,77.95555393551734,63.575757624728546,7.727679214306122
0,0,1,0,0,0,1,0,0,0,2,3.4686551002870027,2.6228233457897057,2.9816368530723074
0,0,1,0,0,0,0,0,0,0,2,75.19120007087443,77.01302536944056,56.699060417805214
0,0,0,0,0,0,0,0,0,0,3,64.69465826744006,67.02810167604487,74.74497779359996
0,0,0,0,0,0,0,0,0,0,2,17.405708537407676,22.70880725009753,27.730036529619955
0,0,0,0,0,0,1,0,0,0,3,4.763002506505403,4.091816359210467,2.2779238419946513
0,0,1,0,1,0,0,0,0,0,2,158.46579618795445,100.07823869877383,137.9988148245871
0,0,0,0,0,0,1,0,0,0,2,3.500125134140893,2.417677992827146,4.908379386939025
0,0,0,0,0,0,0,0,0,1,2,62.38499756709046,90.96967112243762,2.694122314977724
0,0,0,0,0,0,1,0,0,0,4,3.2382085378039993,3.6079284075536657,3.679059872532301
0,0,0,0,0,0,0,0,0,0,1,104.67481317651968,76.3200640480787,9.418851340066615
0,0,0,0,0,0,0,0,0,0,1,20.847731516329475,12.05646689081307,27.19920426619188
0,0,0,0,0,0,0,0,0,0,1,99.76634810069204,80.49767240571626,4.107315272594576
0,0,0,0,1,0,0,0,0,0,2,180.63237171925664,195.3897737557798,156.59329680615895
0,0,1,0,0,0,1,0,0,0,3,4.8786491100895,3.2387530033627128,4.789231499034571
0,0,0,0,0,0,0,0,0,0,3,92.23469356531876,82.10505318362817,4.786918036143981
0,0,0,0,0,0,0,0,0,0,2,94.42411318283605,92.40230166240477,3.9874428218388505
0,0,0,0,0,0,0,0,0,0,1,18.082204984087678,14.910631299776469,22.3265680385146
0,0,0,0,0,0,1,0,0,0,2,2.2255216193363117,2.027496098781997,4.983754966195958
0,0,0,0,0,0,1,0,0,0,3,3.593142559882154,2.8866676266915254,3.9434225095757274
0,0,1,0,0,0,0,0,0,0,2,12.634301735195038,12.19097090421461,10.326096311481548
0,0,0,0,0,0,1,0,0,0,2,4.3766791368450955,3.843249825665197,4.865011524762696
0,0,0,0,0,0,0,0,0,0,3,88.68363727527031,99.27965433438956,1.2137155977106562
0,0,0,0,0,0,0,0,0,0,2,148.47509719447305,72.48275224150343,8.844553451983959
0,0,0,0,0,0,0,0,0,0,2,68.1586238216648,70.69394748791304,4.285695019131811
0,0,0,0,0,0,0,0,0,0,2,91.18358124547325,97.7966683618122,6.731925228967617
0,0,1,0,0,0,0,0,0,0,1,22.59664492695958,12.496770417826465,10.998958289453737
0,0,0,0,0,0,0,0,0,0,2,101.3509638379683,80.10143268671544,14.493836186641257
0,0,1,0,0,0,0,0,0,0,3,43.6036458152364,73.80243771816131,46.039098040145575
0,0,0,0,0,0,0,0,0,0,1,16.277023711624487,15.446413721654256,22.274463238888487
0,0,0,0,0,0,0,0,0,0,1,40.974970773235604,45.01705137996196,59.23502205809375
0,0,0,0,0,0,0,0,0,0,1,134.8710150046394,97.44323113965521,6.7975969377717504
0,0,0,0,0,0,0,0,0,1,2,77.7751748756603,78.10998949555787,3.736773780237189
0,0,1,0,0,0,0,0,0,0,4,47.601840143767234,46.12438195771512,42.42790197540303
0,0,0,0,1,0,0,0,0,0,3,198.2859395945876,118.66724583345486,198.7569527295397
0,0,0,0,0,0,0,0,0,0,1,40.04548159024374,29.231630975573477,3.993994589669045
0,0,0,0,0,0,0,0,0,0,1,124.16217818539634,81.55293789812183,10.661196550185945
0,0,0,0,0,0,0,0,0,0,1,17.332934804279034,29.613003199616415,21.5534986225596
0,0,0,0,0,0,0,0,0,0,1,29.20432200032587,10.508236524027005,29.693532250092417
0,0,0,0,0,0,0,0,0,0,1,63.740491832985285,63.44459600610621,1.5859213369180947
0,0,0,0,0,0,1,0,0,0,3,4.181791179489291,2.5048874836940103,3.2940403672284577
0,0,0,0,0,0,0,0,0,0,1,56.583503232905194,58.73562162555447,5.488974017025685
0,0,0,0,0,0,0,0,0,0,1,23.97977950062142,28.98877952974937,12.378415638317028
0,0,0,0,1,0,0,0,0,0,4,187.07101681969365,120.36750510247373,135.29628343816668
0,0,1,0,0,0,1,0,0,0,3,3.746247153406136,3.905746967940474,2.0464285466943815
0,0,0,0,0,0,1,0,0,0,4,4.140422637921952,4.684770855401986,2.3996146946664068
0,0,0,0,0,0,0,0,0,0,2,66.06699233509585,72.93483905064389,11.78957968712146
0,0,0,0,0,0,0,0,0,0,1,40.616311505671504,46.945426420324274,4.4312188001924735
0,0,0,0,0,0,0,0,0,0,1,17.967156660763973,20.225944343832573,26.907341899312392
0,0,1,0,1,0,0,0,0,0,3,195.8773764400301,126.39654209380262,103.33083522937295
0,0,0,0,0,0,0,0,0,0,1,66.46728371520209,60.745238311216475,65.11382876028084
0,0,0,0,0,0,0,0,0,0,2,144.45365126741294,86.45916458623819,8.511678071598869
0,0,0,0,0,0,0,0,0,0,1,95.93638122077215,70.66019999163926,10.184108083233458
0,0,0,0,0,0,0,0,0,0,1,141.97408005649555,67.20701161343749,9.059605166970798
0,0,1,0,0,0,1,0,0,0,2,4.45347717072617,3.849695810209344,4.730721690403318
0,0,0,0,0,0,0,0,0,0,1,80.0185398981442,41.186357698108786,3.8256201857121424
0,0,1,0,0,0,1,0,0,0,2,2.7089165426574593,4.798934709200245,4.574170128039039
0,0,0,0,0,0,0,0,0,0,2,101.6098005999905,72.48408956193069,8.324567514095946
0,0,0,0,1,0,0,0,0,0,2,112.36547790854357,184.87959407409448,151.6288919476928
0,0,0,0,0,0,0,0,0,0,1,26.066395866848154,10.390557633290676,15.05160386098457
0,0,0,0,0,0,0,0,0,1,2,61.76279591143101,29.240174747604925,1.498478838608444
0,0,0,0,1,0,0,0,0,0,2,197.8631340798169,189.5459178895333,192.09552974728706
0,0,0,0,0,0,0,0,0,0,2,13.839717062456984,19.093829873054876,12.386114114770795
0,0,0,0,0,0,0,0,0,0,2,106.00930216044816,69.99818471696382,8.025180434521497
0,0,0,0,0,0,0,0,0,0,2,144.47020786400813,70.68203489851469,8.344706726559368
0,0,1,0,0,0,0,0,0,0,3,11.856906673108252,16.448703372905772,10.12647364501275
0,0,0,0,0,0,0,0,0,0,1,67.73328061041333,66.06206927931893,78.00373269165513
0,0,0,0,0,0,0,0,0,0,2,29.727263284978353,16.913635971509397,12.16832659750054
0,0,1,0,0,0,0,0,0,0,3,59.11681652982152,54.26526344472795,65.59907843636097
0,0,0,0,0,0,1,0,0,0,2,3.3526282049181515,4.588648414098488,2.8762367517208185
0,0,0,0,0,0,0,0,0,0,1,61.522654042523364,53.7939966524149,1.6253155434908613
0,0,0,0,0,0,0,0,0,0,1,89.87387286319864,65.82466212392495,9.392502889120477
0,0,1,0,0,0,0,0,0,0,2,58.36522740671259,45.67118628725734,66.91975883840647
0,0,0,0,0,0,0,0,0,0,2,17.26300360881959,12.373453267393996,28.275756580183053
0,0,0,0,0,0,0,0,0,0,3,43.136567477732925,56.51228772001479,78.15554958898363
0,0,0,0,0,0,1,0,0,0,4,3.688424369922487,4.562561364075666,4.269329499562741
0,0,0,0,0,0,0,0,0,0,2,41.636395117177116,58.5015826449074,4.338418749208545
0,0,1,0,1,0,0,0,0,0,3,100.26717121005116,179.88174223867298,134.76113754148025
0,0,0,0,0,0,1,0,0,0,2,3.5930831668870558,4.3519337646956835,3.9428811986286325
0,0,0,0,0,0,0,0,0,0,1,66.03505155734483,80.23085967481524,6.427332712528506
0,0,1,0,0,0,0,0,0,0,1,22.360099851789485,22.23319746155882,11.630119739828068
0,0,1,0,0,0,0,0,0,0,2,73.48405021599876,46.24772428575701,78.24879277544079
0,0,1,0,0,0,0,0,0,0,2,55.95552851563889,79.92774907861985,53.96217271404389
0,0,0,0,0,0,0,0,0,0,2,46.862316650518494,68.44071146211452,43.19451291230335
0,0,0,0,0,0,0,0,0,0,3,27.31018900322728,75.52784604118581,3.4600696838708798
0,0,0,0,0,0,1,0,0,0,2,3.398704230391545,2.778199039652229,2.2663684201523653
0,0,0,0,1,0,0,0,0,0,2,117.45615298710491,116.3055108382074,138.16163072936274
0,0,0,0,0,0,0,0,0,0,1,28.74657879243944,28.519733714236196,19.725733467446798
0,0,0,0,0,0,1,0,0,0,2,3.8118622235676076,3.89687835468051,4.818269445441355
0,0,0,0,0,0,0,0,0,0,2,91.77609194713138,62.062906663380204,13.758437902313856
0,0,1,0,0,0,0,0,0,0,2,79.46192009639319,44.77559398446524,78.67938155768404
0,0,0,0,1,0,0,0,0,0,2,129.77544115113542,122.73608218644418,158.59874255838
0,0,0,0,0,0,1,0,0,0,3,3.1091719026126796,4.848110593309762,3.734338284586808
0,0,1,0,1,0,0,0,0,0,2,163.61921577233772,105.13252070223193,134.03371243640544
0,0,0,0,0,0,0,0,0,0,2,111.40640102807464,66.61109403691515,12.308871858952926
0,0,0,0,0,0,0,0,0,0,1,14.399466911913297,23.288414222088704,29.325200588399603
0,0,0,0,0,0,0,0,0,0,1,20.399241547650053,20.53897675649531,3.767920180530856
0,0,0,0,1,0,0,0,0,0,2,100.25115349384419,160.45168915994742,197.81598070398246
0,0,0,0,0,0,0,0,0,0,1,62.21536878699527,50.998713878488644,13.135217676580139
0,0,0,0,0,0,1,0,0,0,3,3.476480012577448,4.837008084951349,4.643669886079155
0,0,0,0,0,0,0,0,0,0,1,44.78262131306469,27.068520021038537,3.7855832226704256
0,0,1,0,1,0,0,0,0,0,2,126.83175657765506,137.70010446491008,103.29307691714956
0,0,0,0,0,0,0,0,0,0,1,28.561499751840227,26.145923486890112,3.564813500329394
0,0,0,0,1,0,0,0,0,0,2,174.99800876756575,164.58382921979697,173.72786511503085
0,0,0,0,0,0,1,0,0,0,4,3.3726518548749445,3.2511360200623454,2.2416339572291797
0,0,0,0,0,0,0,0,0,0,1,16.019781945319075,22.66099948018737,17.584676177824832
0,0,0,0,1,0,0,0,0,0,2,147.19352039601847,103.21182047593233,109.54082425323702
0,0,0,0,0,0,0,0,0,0,3,18.484508831052345,18.3025338800534,27.943777717930576
0,0,1,0,1,0,0,0,0,0,2,142.0998069404896,168.3109636992499,119.91464842305612
0,0,0,0,0,0,0,0,0,0,1,21.008649137401683,57.961535958215926,3.9701781585715836
0,0,0,0,0,0,0,0,0,0,1,17.74544755994494,15.133323782807437,13.906396819978424
0,0,1,0,0,0,0,0,0,0,2,48.63491972111844,48.51360772550413,44.42035051831452
0,0,1,0,0,0,0,0,0,0,2,23.405304626389498,24.496520349339264,12.47738574563006
0,0,0,0,1,0,0,0,0,0,2,101.05176208865232,178.35406509125852,190.07003649445608
0,0,0,0,0,0,0,0,0,0,1,71.64107939926453,53.76351152368997,65.64923822854166
0,0,0,0,0,0,1,0,0,0,2,3.4341128627614075,2.897973991573177,2.0813898208046453
0,0,0,0,0,0,0,0,0,0,1,44.14186103043727,25.467039726867185,1.9082139656443702
0,0,1,0,1,0,0,0,0,0,2,187.33791088374815,129.86648687630537,103.88234417549022
0,0,0,0,0,0,1,0,0,0,2,3.0519773400363834,4.995445791265162,3.289774715789323
0,0,0,0,0,0,0,0,0,0,2,73.98276448300469,55.4993718402663,6.188263886349869
0,0,1,0,1,0,0,0,0,0,4,150.56367469287673,118.36449481701393,157.11595949762608
0,0,0,0,0,0,0,0,0,0,1,96.11672324393358,29.336405225764707,1.4973311249427286
0,0,0,0,1,0,0,0,0,0,3,171.7038731318175,178.80615474268694,192.00579455407185
0,0,0,0,0,0,0,0,0,0,1,121.08163777724236,65.83361562651884,13.930770401425866
0,0,0,0,0,0,0,0,0,0,3,29.115808015260683,13.776399158215595,29.145221009597467
0,0,0,0,0,0,0,0,0,0,1,92.36629967221427,37.79504399964682,4.121749221727709
0,0,0,0,0,0,0,0,0,0,3,118.40202194980394,58.64949500941722,7.193180671219494
0,0,0,0,0,0,1,0,0,0,3,3.0164857392071536,4.506733466501271,3.110726243418722
0,0,1,0,0,0,1,0,0,0,2,4.658589917047339,4.488053848380439,3.5719800023299078
0,0,1,0,0,0,1,0,0,0,4,4.344313326366542,4.38736251530422,2.291616700592898
0,0,0,0,0,0,0,0,0,0,1,75.06497309417428,42.266950062037346,75.60089039994239
0,0,1,0,0,0,0,0,0,0,1,23.546539656227793,13.870767890939526,28.008928914036687
0,0,0,0,0,0,0,0,0,0,1,82.53742341028416,88.7468726178555,8.156226557826281
0,0,0,0,0,0,0,0,0,0,1,21.82464353166063,61.592187664411355,3.4889839269176646
0,0,1,0,0,0,1,0,0,0,2,3.60471353392255,2.948372343003693,4.221548187964583
0,0,0,0,0,0,0,0,0,1,2,88.36610573524585,86.60627002298347,1.187185983244205
0,0,0,0,0,0,0,0,0,0,1,113.18014237799753,81.2957321354275,10.661560877297264
0,0,0,0,0,0,1,0,0,0,2,3.293269987648436,3.945651553996165,2.3663026254595176
0,0,0,0,0,0,0,0,0,0,1,57.15887495241012,51.3405490443607,11.195267247560878
0,0,0,0,1,0,0,0,0,0,3,191.26834465187747,143.3167568884579,199.92301838642078
0,0,0,0,0,0,0,0,0,0,3,146.06472279722817,81.48605788318362,7.658177020314305
0,0,0,0,0,0,0,0,0,0,3,44.223663868290764,51.57937209664394,71.17311136235037
0,0,1,0,0,0,0,0,0,0,3,54.016469952890944,74.84178641407287,73.05003545684082
0,0,0,0,0,0,0,0,0,0,2,59.80379240735395,56.50170474485577,54.45362554389554
0,0,0,0,0,0,0,0,0,0,2,128.0525225121387,68.74710472198566,7.029947793198473
0,0,0,0,0,0,0,0,0,0,1,112.3722006655862,90.16589474030428,11.62830101278714
0,0,0,0,0,0,0,0,0,1,2,36.5171683047891,95.9735102064558,2.2659364115559955
0,0,0,0,0,0,0,0,0,0,1,110.57488986488758,69.76300431023967,14.260550625383532
0,0,0,0,1,0,0,0,0,0,3,175.0609839111213,134.4055604885624,176.43090732368574
0,0,0,0,0,0,0,0,0,0,1,91.77768671822517,87.47871803267981,14.65348887212076
0,0,1,0,0,0,1,0,0,0,2,4.16659298923668,2.6379670454107513,3.727059856627901
0,0,0,0,0,0,0,0,0,0,1,50.283678419470874,63.487960815825204,49.96478149258327
0,0,0,0,1,0,0,0,0,0,2,170.63692751268582,169.61938259877368,145.78453232114973
0,0,0,0,0,0,0,0,0,0,3,14.57354882068206,28.83972479743993,22.507688427506956
0,0,1,0,0,0,0,0,0,0,2,54.350717010755176,78.83801826350336,43.19609052777851
0,0,0,0,0,0,0,0,0,0,2,15.714734140165042,11.43601518471592,27.064016320826262
0,0,0,0,0,0,0,0,0,1,2,40.24835441426113,86.3976465125596,1.4190142991127166
0,0,0,0,1,0,0,0,0,0,2,145.14427286196678,193.38360261268198,154.32215611266244
0,0,1,0,0,0,0,0,0,0,2,71.16287750661171,56.58012620457911,64.92418346695153
0,0,0,0,0,0,0,0,0,0,2,24.64172526279047,26.061523655177417,28.08990521864581
0,0,0,0,0,0,0,0,0,0,1,92.67104722094666,75.38536943088593,5.983894678016703
0,0,0,0,0,0,0,0,0,1,2,49.214192801362586,73.06148316639103,2.3413667691146123
0,0,0,0,0,0,1,0,0,0,2,2.9914701095767526,2.649023320837829,3.0698839239326405
0,0,0,0,0,0,0,0,0,0,1,117.51583973589813,61.30235270472065,14.63022580996255
0,0,0,0,0,0,0,0,0,0,2,23.23627451799052,14.727127212316946,19.995128639206172
0,0,0,0,0,0,0,0,0,0,1,50.58035882573401,79.50382012484452,10.496507342736697
0,0,1,0,0,0,0,0,0,0,1,18.87683894633431,11.03093369758647,19.945888160123154
0,0,0,0,0,0,0,0,0,0,1,12.469510556349313,14.432140872872116,19.609618002250983
0,0,0,0,0,0,0,0,0,0,1,20.245260278470578,11.160704262490848,14.473395580302329
0,0,1,0,0,0,1,0,0,0,2,3.05020266228651,4.232733169223012,2.8531507985868654
0,0,0,0,0,0,0,0,0,1,2,54.24469522701254,55.882523609727656,3.691442116032421
0,0,0,0,0,0,0,0,0,0,3,11.738703898499782,22.031529108630625,13.762640160843553
0,0,1,0,0,0,0,0,0,0,2,55.731061646376254,43.14478660522209,43.954979662773866
0,0,0,0,0,0,1,0,0,0,3,2.8605845219464294,2.2505946406029325,3.7895612080075924
0,0,0,0,0,0,1,0,0,0,2,2.7226186188502597,4.821959959645007,4.970779928743054
0,0,1,0,0,0,0,0,0,0,2,49.989421914760406,64.36477733710656,49.242512816197845
0,0,0,0,0,0,1,0,0,0,2,3.233987938179585,4.495138486180256,3.433025077948606
0,0,0,0,0,0,0,0,0,0,1,19.146994269175572,15.018703328880786,19.501387109379433
0,0,1,0,0,0,1,0,0,0,2,4.179832517682844,2.869316394005958,4.968856229079304
0,0,0,0,0,0,0,0,0,0,1,125.46050872646454,77.69510531907191,5.2237345948099945
0,0,0,0,0,0,0,0,0,0,1,22.811798973394247,15.926938128171855,15.010772631087397
0,0,0,0,0,0,0,0,0,0,1,74.97717508542777,36.68303175825833,3.222474743627835
0,0,0,0,0,0,0,0,0,0,1,144.62866465614354,73.76039007839947,10.801761836176578
0,0,1,0,0,0,0,0,0,0,2,45.97519088546809,68.72332798016154,69.86491859813384
0,0,1,0,1,0,0,0,0,0,2,191.33245871881527,103.29237606487641,169.9123507728702
0,0,0,0,0,0,0,0,0,0,1,23.822449235213853,24.830559322823078,20.647403143158115
0,0,0,0,0,0,0,0,0,0,1,53.512217607930175,40.39604246392205,66.71179032600506
0,0,1,0,0,0,0,0,0,0,2,21.539461926487032,12.841473069623623,23.944248557529825
0,0,1,0,0,0,0,0,0,0,2,73.37622175471112,73.89289109164555,40.469224443439344
0,0,0,0,0,0,0,0,0,0,1,101.8390824667914,55.33498597478714,6.475613602175571
0,0,0,0,0,0,0,0,0,0,1,59.89673052232375,68.74603007352557,73.07250402165809
0,0,1,0,0,0,0,0,0,0,1,29.12999384837692,23.43258398134788,20.762942117039955
0,0,1,0,1,0,0,0,0,0,2,137.5141072831156,170.81514650993591,152.22337621148142
0,0,0,0,0,0,1,0,0,0,2,2.31329110419286,4.67719025816403,3.1171898010677035
0,0,0,0,1,0,0,0,0,0,2,131.1420941497165,161.92610739944868,192.2057907419823
0,0,0,0,0,0,0,0,0,0,1,19.026711337319547,10.687003302510519,18.782737268899773
0,0,0,0,0,0,0,0,0,0,1,15.508854486858288,26.671576210869993,29.957493154978593
0,0,1,0,0,0,1,0,0,0,2,4.275207031691875,2.2344523920745583,3.9598779480148196
0,0,0,0,0,0,0,0,0,0,2,23.680784573371135,37.46834885773698,4.903797368496454
0,0,0,0,0,0,1,0,0,0,2,4.381058460682432,3.07226634681425,4.703622509893961
0,0,0,0,1,0,0,0,0,0,2,128.84444135016545,100.04683789853081,123.16459279193167
0,0,0,0,0,0,0,0,0,1,2,75.37092854424111,63.462039240030364,3.570021202821548
0,0,0,0,0,0,0,0,0,0,1,52.86282936122028,96.84271045612186,2.569228450718551
0,0,0,0,0,0,0,0,0,0,1,40.170117871233984,73.38494686476096,74.88909989633842
0,0,0,0,0,0,1,0,0,0,2,4.657109447147418,4.686896772131444,2.8957517522768055
0,0,1,0,1,0,0,0,0,0,2,101.7750734429815,149.07338037150322,146.15204326577478
0,0,0,0,0,0,0,0,0,0,1,73.5113455131914,27.27843778353475,4.235067704283681
0,0,0,0,0,0,0,0,0,0,2,106.030190242526,50.2691208473591,12.751313236640254
0,0,0,0,0,0,0,0,0,0,1,148.73936157443967,54.21821010296016,5.224118215714828
0,0,0,0,0,0,0,0,0,0,1,12.325170717061859,20.639203679798285,14.765448154068881
0,0,0,0,0,0,1,0,0,0,2,4.910605408996496,3.1601289634193237,2.943491862457254
0,0,1,0,0,0,1,0,0,0,4,4.695480740792349,4.663938478849689,3.6107371710404115
0,0,0,0,1,0,0,0,0,0,2,128.82811034553507,154.72130207096131,178.64628577124026
0,0,0,0,0,0,0,0,0,0,1,50.53143897040881,51.07350743108559,7.646178477610671
0,0,0,0,0,0,0,0,0,0,1,86.18557592910871,81.1549401258917,3.009198335212777
0,0,0,0,0,0,0,0,0,0,3,113.94366033279967,58.83956194292886,10.845595767079814
0,0,0,0,0,0,0,0,0,0,1,142.16084893189344,73.05876900739361,12.240074799196648
0,0,0,0,0,0,0,0,0,0,1,103.89019221233282,87.7172942382231,8.788167034442772
0,0,0,0,1,0,0,0,0,0,2,138.27095494058955,104.50840374125134,101.50399491454094
0,0,1,0,0,0,0,0,0,0,1,18.748828316083895,18.054960590358018,14.49018103443736
0,0,0,0,0,0,0,0,0,0,1,63.60790512631112,62.775363320550014,6.466493965971589
0,0,1,0,0,0,1,0,0,0,2,3.1742883333819734,4.819397494311545,2.423257739252795
0,0,1,0,0,0,1,0,0,0,2,3.2634926003770977,3.4369407116174413,4.412637626623186
0,0,0,0,0,0,0,0,0,0,1,50.012144312165304,21.071438807788248,1.9323576101795554
0,0,0,0,0,0,0,0,0,0,1,40.50161398115647,67.41246737958379,40.80754279587029
0,0,0,0,0,0,0,0,0,1,3,63.4009026025647,90.62893806494772,3.794685633536317
0,0,1,0,0,0,0,0,0,0,2,62.7275603886862,76.42694810292473,59.611652487030526
0,0,0,0,0,0,0,0,0,0,1,65.32957158463466,34.36437394650199,2.4619010256562954
0,0,1,0,0,0,0,0,0,0,1,11.046704372123708,28.508554567570876,27.6906597738705
0,0,0,0,1,0,0,0,0,0,2,187.42902939785932,157.2045261653556,152.6794654191607
0,0,0,0,1,0,0,0,0,0,2,179.0314987375766,101.57846263878537,167.65291657662334
0,0,0,0,0,0,0,0,0,1,3,25.47687201419108,64.96552378754288,4.406791230224794
0,0,0,0,0,0,0,0,0,0,2,78.6041222283836,72.1576278455843,2.4527550198312937
0,0,1,0,0,0,0,0,0,0,2,40.96810741546292,75.93795935588884,53.04994493922645
0,0,1,0,0,0,0,0,0,0,2,58.86308632239605,55.083213764968605,71.36335093464112
0,0,0,0,0,0,0,0,0,0,1,53.07601088464485,70.68224194506482,68.25650782464227
0,0,0,0,0,0,0,0,0,1,4,53.696220302726275,27.24335412312793,4.726953586621468
0,0,0,0,0,0,0,0,0,0,1,120.20296997213842,72.69167783717816,10.51402445646794
0,0,0,0,0,0,0,0,0,0,1,93.31910461899606,62.9545509434384,4.671511400841986
0,0,1,0,0,0,1,0,0,0,2,4.933557010114406,2.2769459188057573,4.834833232227814
0,0,1,0,1,0,0,0,0,0,2,197.3264579420117,180.84317210535463,192.6347244963911
0,0,0,0,0,0,0,0,0,1,4,20.23786659117271,34.64582049718587,1.4809704639984904
0,0,0,0,0,0,0,0,0,0,1,72.45597833051099,95.36031945092962,11.189974533858614
0,0,0,0,0,0,1,0,0,0,3,2.1060580372156905,2.6351591482223387,4.665289896214873
0,0,0,0,0,0,0,0,0,0,1,55.66892737966879,70.04409844453971,14.063487643412351
0,0,0,0,0,0,0,0,0,0,1,10.488589127642944,28.352904772942992,15.550687465246646
0,0,0,0,0,0,0,0,0,0,1,96.15958788199873,45.49906650998147,2.03833976970941
0,0,0,0,0,0,0,0,0,0,1,147.3310388212272,93.9497751339941,11.186906104164063
0,0,0,0,0,0,0,0,0,0,1,118.72328550795886,85.04342197187502,6.517358218351534
0,0,0,0,0,0,0,0,0,0,1,61.1801594187082,78.44679179017508,50.181619455152244
0,0,0,0,0,0,0,0,0,0,1,117.4849354326168,60.71824438854736,10.754313410815818
0,0,0,0,0,0,0,0,0,1,2,89.60340942705872,27.194534393721295,4.927139351312881
0,0,0,0,0,0,0,0,0,0,1,62.45045030666589,23.462917792075892,4.366700845244854
0,0,0,0,0,0,1,0,0,0,4,4.379914317560189,2.5987062360022817,3.342439264570955
0,0,0,0,1,0,0,0,0,0,3,143.48142848275273,159.65413747874373,125.21462073972984
0,0,0,0,0,0,0,0,0,1,3,29.688072070184095,44.10470971869857,4.6132713064823845
0,0,0,0,0,0,0,0,0,1,3,38.53251851079374,34.616604647286664,1.796486946988376
0,0,1,0,0,0,0,0,0,0,4,49.896846030575674,58.30568453149373,67.16050611798006
0,0,1,0,1,0,0,0,0,0,2,102.79526572867447,123.16270101272451,125.78942955642711
0,0,0,0,0,0,0,0,0,1,2,67.50770324239559,96.75039159773755,3.1814729152665864
0,0,0,0,0,0,0,0,0,0,1,26.912629584527153,26.637698024782743,23.00257707021975
0,0,0,0,1,0,0,0,0,0,3,164.5538282722447,195.20282531260324,128.36541097647375
0,0,0,0,0,0,0,0,0,0,1,86.52538275311878,63.847547617404665,4.12306660178402
0,0,1,0,0,0,0,0,0,0,2,74.66297767930371,70.63872068334938,53.094526438409275
0,0,0,0,0,0,0,0,0,0,1,76.30480417111194,52.64630367347475,46.160164088319796
0,0,1,0,1,0,0,0,0,0,4,111.16384079430443,150.51351518936553,151.1958132792733
0,0,0,0,0,0,1,0,0,0,4,4.326872015805397,4.591665546609656,4.72454555606236
0,0,0,0,0,0,0,0,0,0,1,58.96674106930555,98.08877563669773,13.37527441684394
0,0,1,0,0,0,0,0,0,0,3,75.03974905965454,40.93630722338696,58.00637779836988
0,0,0,0,0,0,0,0,0,0,1,60.6255428846346,40.49496088052535,64.03151900400039
0,0,1,0,1,0,0,0,0,0,2,106.31125392906289,142.44176427344257,108.84074827854411
0,0,0,0,0,0,0,0,0,0,1,138.81560479861855,52.45233062893615,5.477670101365515
0,0,0,0,0,0,1,0,0,0,2,4.620463021292582,2.0800094762256918,3.480534960790906
0,0,1,0,0,0,0,0,0,0,4,41.147726693522245,63.588821059693274,43.75448509351289
0,0,1,0,0,0,1,0,0,0,2,4.705847287408243,4.409498937853874,3.491680167275989
0,0,0,0,0,0,0,0,0,0,2,26.614604821661892,20.36537335294721,20.61916189533803
0,0,0,0,0,0,0,0,0,0,1,18.767496570898487,11.03643491915729,13.213496783251323
0,0,0,0,0,0,1,0,0,0,2,2.6049244112271754,3.5564599251827897,3.7912806998982975
0,0,0,0,0,0,0,0,0,0,2,117.8387374111093,89.97630972958714,12.088575112067929
0,0,1,0,0,0,0,0,0,0,1,10.506331725401289,21.603948909815827,18.44816247453542
0,0,1,0,0,0,0,0,0,0,2,53.47534565534386,47.750202313211815,74.85066389494486
0,0,0,0,0,0,0,0,0,0,1,98.01303673282246,75.49383410162062,11.638416369743352
0,0,0,0,0,0,0,0,0,0,1,81.78053604775158,40.6346232396421,3.4535786350654134
0,0,1,0,0,0,0,0,0,0,3,57.40617774295191,68.41738300697527,51.57466179946008
0,0,0,0,0,0,0,0,0,0,1,40.71345734056338,75.90621461443818,1.8740363452870392
0,0,0,0,0,0,0,0,0,0,2,15.895663075226897,22.050558332249995,13.92764262383518
0,0,1,0,0,0,1,0,0,0,3,4.397042160681472,4.38618050941883,4.91930420632057
0,0,0,0,0,0,0,0,0,0,2,56.47531253374354,73.86738426951183,2.6060171485214276
0,0,1,0,0,0,0,0,0,0,1,29.938847004650977,14.684524196353339,11.753713071011969
0,0,0,0,0,0,0,0,0,0,3,77.25629531063694,23.39949518070317,3.0445566003316116
0,0,1,0,0,0,0,0,0,0,1,28.417174188286236,24.651653317763547,12.31459738523074
0,0,0,0,0,0,1,0,0,0,2,4.335881920288264,4.954630692287951,2.481350005748065
0,0,0,0,0,0,1,0,0,0,3,4.165081684303234,3.9877561887760677,3.6896809145321843
0,0,1,0,1,0,0,0,0,0,2,145.26288026109518,137.88496583035652,120.9818279269466
0,0,1,0,1,0,0,0,0,0,2,163.7055396602096,110.58516880339648,149.05961261132308
0,0,1,0,0,0,0,0,0,0,4,64.13102186797724,67.42693085348643,79.19926118696503
0,0,0,0,0,0,0,0,0,0,1,63.58051431667214,87.97412678119477,7.110706658317597
0,0,0,0,0,0,1,0,0,0,3,2.7300376339205727,3.3668462169501945,4.756528094607322
0,0,0,0,1,0,0,0,0,0,2,173.25220644991606,194.97916286632744,114.50172153278805
0,0,0,0,0,0,1,0,0,0,3,4.346587161738631,3.3650746714000195,3.9182950718878002
0,0,0,0,0,0,0,0,0,1,2,30.7280746844412,39.98933927302283,2.724095815898951
0,0,0,0,0,0,0,0,0,0,1,82.08347711783767,90.67517336632532,3.191807595908113
0,0,0,0,0,0,0,0,0,0,1,25.314416783176576,14.12541555603877,14.755168520839696
0,0,1,0,0,0,0,0,0,0,3,73.84423339066895,60.302718603811165,58.763357104658375
0,0,1,0,0,0,0,0,0,0,2,71.24879008543094,77.22432661292981,56.971135407303564
0,0,0,0,0,0,1,0,0,0,3,3.685231516121169,2.0475625397139923,2.2754303299063388
0,0,1,0,0,0,0,0,0,0,2,58.658683429125844,57.40461941540552,44.53390015625119
0,0,0,0,0,0,0,0,0,0,1,136.26687025653854,96.25630776835533,11.327601983106497
0,0,0,0,0,0,0,0,0,0,1,19.209708952228056,27.626719981149964,15.117657708535921
0,0,1,0,0,0,0,0,0,0,2,53.250383321017736,46.71530249264373,65.57995579694172
0,0,0,0,1,0,0,0,0,0,2,191.616409087809,108.6018660640468,163.88765571001113
0,0,0,0,0,0,0,0,0,1,2,33.993560310466215,57.82103071191245,1.9372891873270381
0,0,0,0,0,0,0,0,0,0,1,63.6212424342618,65.21520636164789,46.89314497121935
0,0,0,0,0,0,0,0,0,0,1,36.33514735174348,52.289647450473346,4.21283683633798
0,0,1,0,0,0,0,0,0,0,2,10.046317196611007,20.9970350609405,17.658262653879106
0,0,1,0,0,0,0,0,0,0,2,70.33083674820433,60.712083006211586,52.46448358296614
0,0,1,0,0,0,0,0,0,0,2,46.310086511578035,61.53053314753804,47.85556729697407
0,0,0,0,1,0,0,0,0,0,2,173.1787880827278,148.55877293109273,133.91229856835352
0,0,1,0,0,0,0,0,0,0,1,23.936624481295553,19.66610749257964,20.884643566620184
0,0,0,0,0,0,0,0,0,0,1,61.90583018930171,50.09910576060318,55.58548521131063
0,0,0,0,0,0,1,0,0,0,2,3.907315235750082,4.512367021671174,4.91770525112989
0,0,0,0,1,0,0,0,0,0,2,185.19913404790208,198.12964497525513,188.87168261470205
0,0,0,0,0,0,0,0,0,1,4,30.693639422912895,29.632316267794756,3.152421326337483
0,0,0,0,0,0,0,0,0,0,1,146.54821842026956,77.8862373246707,8.679443905430421
0,0,0,0,0,0,0,0,0,0,3,82.74074876291928,99.45487930863084,9.443085618459001
0,0,1,0,0,0,0,0,0,0,3,25.59449241162069,15.328186131390346,12.261153671681402
0,0,1,0,0,0,1,0,0,0,2,2.76346106340459,2.6223422257472064,2.9728443916231777
0,0,0,0,0,0,0,0,0,0,1,74.30608440017144,25.623540074627506,2.5373765464860285
0,0,0,0,0,0,0,0,0,0,2,138.06988310903648,76.17421983148776,14.165233631008395
0,0,1,0,0,0,0,0,0,0,2,76.78291819431146,41.67201715103224,79.81999963083581
0,0,0,0,0,0,0,0,0,0,1,55.489800085943386,69.59211502736062,59.0834774614909
0,0,0,0,0,0,0,0,0,0,3,140.45370157212204,80.95325146465865,6.8444380524564155
0,0,1,0,0,0,0,0,0,0,2,64.41245018155277,52.612125596106246,66.5045376164666
0,0,0,0,0,0,1,0,0,0,2,3.3896930636834295,2.3310600017240954,2.8302691702246277
0,0,0,0,0,0,0,0,0,0,1,66.62556072301328,94.1090533209125,6.510072830078091
0,0,1,0,0,0,1,0,0,0,2,4.302146680566352,3.9724322121387328,3.0782923795822574
0,0,0,0,0,0,0,0,0,0,2,88.01582110669413,21.846182843202627,4.795244510766558
0,0,0,0,0,0,0,0,0,0,2,144.09643023075105,83.64125616085278,10.240961037430225
0,0,0,0,0,0,0,0,0,0,1,80.70204655078234,94.87114717968987,10.523295032825828
0,0,0,0,0,0,0,0,0,0,1,117.64642200882601,89.27922497268455,12.3311388661936
0,0,0,0,1,0,0,0,0,0,3,152.06709454466346,199.79071175718212,122.66575742390697
0,0,0,0,0,0,1,0,0,0,3,2.604197382317919,4.127407426992058,3.7841992724423124
0,0,1,0,0,0,1,0,0,0,2,2.9216385987322986,4.497241206071386,4.099800470429708
0,0,0,0,0,0,1,0,0,0,2,3.746439738006617,4.539300242236952,4.5859852242573265
0,0,1,0,0,0,0,0,0,0,1,16.110785095003067,28.827269611372007,23.91642985472981
0,0,0,0,0,0,0,0,0,0,1,81.30184244409784,74.76579020192116,1.5385924533334037
0,0,1,0,0,0,0,0,0,0,3,71.5258461043435,76.55128036923641,47.52659959458806
0,0,0,0,0,0,0,0,0,0,1,58.909137215875,76.35694584188158,64.45843364709413
0,0,0,0,0,0,0,0,0,0,1,36.13939178170911,48.028600653994175,2.7969347844124637
0,0,1,0,0,0,0,0,0,0,2,71.84290267927346,48.534324461751225,47.849370868982426
0,0,1,0,0,0,0,0,0,0,3,75.41429319269541,61.69991033764927,61.96807110052275
0,0,0,0,0,0,0,0,0,0,1,56.78979620529819,50.764011435418524,65.40361562442257
0,0,0,0,0,0,0,0,0,0,1,24.295654309874678,10.801121317516863,19.45516861421146
0,0,0,0,0,0,0,0,0,1,2,66.42513799379876,53.33468481101569,4.553884438177586
0,0,1,0,0,0,0,0,0,0,3,16.222190249436366,16.710304469600246,26.930935190021778
0,0,0,0,0,0,0,0,0,0,1,13.431861507624184,17.1425585755237,22.45261799406095
0,0,0,0,1,0,0,0,0,0,2,110.30635852712184,101.17789253610403,150.26942985052418
0,0,0,0,1,0,0,0,0,0,2,118.23319197894432,188.80574585005854,160.18232953920742
0,0,0,0,0,0,0,0,0,0,1,99.0879214498575,66.51737880511351,11.738044593999144
0,0,0,0,1,0,0,0,0,0,2,100.46018332485282,199.95468455187853,191.9406120225156
0,0,0,0,1,0,0,0,0,0,2,142.89679789444344,173.20345014765468,127.73140022174586
0,0,0,0,0,0,0,0,0,0,2,17.83795411124523,24.445633157742197,21.86845328266458
0,0,0,0,0,0,0,0,0,0,3,27.299686367328917,20.27519184840891,23.451194974532683
0,0,0,0,0,0,0,0,0,1,2,35.3531972086023,68.06948991234947,3.975548105556115
0,0,0,0,0,0,1,0,0,0,2,2.262483494593079,2.5380637709890315,3.431472225118229
0,0,0,0,1,0,0,0,0,0,2,161.32226473156652,136.62371683886593,110.27903248030731
0,0,0,0,0,0,0,0,0,0,1,69.45546742303803,95.90043319270472,10.206770909699918
0,0,0,0,0,0,0,0,0,0,1,23.858147260655308,23.276582848883617,13.799001649926756
0,0,0,0,0,0,0,0,0,0,2,129.49787145283466,59.41140323621789,6.5094283987094235
0,0,0,0,1,0,0,0,0,0,4,117.96443917909741,136.4695464710628,129.66638213406648
0,0,0,0,1,0,0,0,0,0,2,184.56473455217588,120.13315646250496,145.7695920676641
0,0,0,0,0,0,0,0,0,0,2,91.40699758802148,76.80414388627784,8.751570409084703
0,0,0,0,1,0,0,0,0,0,2,178.09284890158426,157.51005556524552,131.83534101834644
0,0,1,0,0,0,0,0,0,0,2,69.53619423720133,68.0810280725371,41.70539333472452
0,0,0,0,0,0,1,0,0,0,2,4.428561364837475,3.77987815466739,3.631731305902532
0,0,0,0,0,0,0,0,0,1,2,87.56479346372598,55.37421854702654,1.6800992102575028
0,0,0,0,0,0,0,0,0,0,1,71.46018984086358,51.50469007926646,14.072493188324808
0,0,0,0,0,0,1,0,0,0,2,3.2866571511065916,2.541633821069575,4.1199018139886725
0,0,0,0,0,0,0,0,0,1,2,64.37526468507856,82.53657389606306,3.5989105443620515
0,0,1,0,0,0,1,0,0,0,2,4.005165017515482,3.7302243641866113,3.365452621335814
0,0,1,0,0,0,0,0,0,0,2,53.771386008527756,58.40701921151958,67.38037852269224
0,0,0,0,1,0,0,0,0,0,2,158.64113875208395,166.00720340284994,153.2921651851227
0,0,0,0,0,0,0,0,0,0,1,12.541538745342955,21.971225253264414,19.826409151473143
0,0,0,0,1,0,0,0,0,0,2,178.42380205046163,191.99393395103445,186.03059329090138
0,0,0,0,0,0,0,0,0,0,2,21.803446380499963,14.872922345933397,18.57560787223639
0,0,0,0,0,0,0,0,0,0,1,24.49307470871936,26.194652557984654,24.3086543846046
0,0,0,0,0,0,0,0,0,0,1,47.45169789044729,38.939771113327225,1.1985678349323452
0,0,1,0,0,0,0,0,0,0,3,72.68826539074453,57.80771367383181,44.60291341918366
0,0,0,0,0,0,0,0,0,0,2,63.93439719354708,81.24491353794471,5.397479926237105
0,0,0,0,0,0,0,0,0,1,2,40.29585565136014,73.91277260668504,4.323076592879273
0,0,0,0,0,0,1,0,0,0,2,3.0004715267508963,3.3311282196147465,2.158665264603465
0,0,0,0,0,0,0,0,0,0,1,53.93473649895165,50.22706603966945,4.039976961938669
0,0,0,0,1,0,0,0,0,0,2,173.1557310627732,128.83270982484552,192.17741818489557
0,0,0,0,0,0,0,0,0,0,1,10.758171729227229,21.924157338000562,29.401571121644935
0,0,0,0,0,0,0,0,0,0,2,75.34215291121436,56.9327617583438,5.004320984293836
0,0,1,0,0,0,0,0,0,0,2,62.93970982547619,64.5199967158406,60.8276493182518
0,0,0,0,0,0,0,0,0,0,1,116.33382382048005,78.19244447301979,8.83342200495116
0,0,0,0,0,0,0,0,0,0,1,49.33568680763594,85.31531287068552,4.898663663437127
0,0,1,0,0,0,1,0,0,0,2,4.5726464107112115,4.512515385115733,4.80948704111648
0,0,0,0,1,0,0,0,0,0,2,123.10874545102307,149.70434404394086,150.09018679628886
0,0,1,0,0,0,0,0,0,0,3,58.733469036267934,61.523962463329475,59.02806509958272
0,0,0,0,0,0,0,0,0,0,1,109.79287949757037,82.59657149613338,14.45665917863846
0,0,1,0,0,0,0,0,0,0,1,14.662845850774032,27.110390964473595,10.906933531404807
0,0,0,0,0,0,1,0,0,0,2,2.9946804961424696,2.8370143506434937,2.015750046377402
0,0,1,0,0,0,0,0,0,0,2,76.74363692575264,61.62395413812386,46.49160155652499
0,0,0,0,0,0,0,0,0,0,1,23.22657883737839,45.668644872920446,2.9848546512213012
0,0,1,0,0,0,0,0,0,0,3,77.61868186747338,67.68298664174614,72.34464225025253
0,0,0,0,0,0,0,0,0,0,1,102.10993542610832,69.50616831600115,8.43753487477321
0,0,0,0,0,0,0,0,0,1,2,24.55540968874777,59.31210179292012,2.477319715783282
0,0,1,0,0,0,0,0,0,0,2,55.42575859610554,75.51474048299376,52.01319029427938
0,0,0,0,0,0,0,0,0,1,2,77.85990249217043,21.533987432639783,4.0999922340481225
0,0,0,0,1,0,0,0,0,0,2,169.41700116496102,113.83060036068974,177.02424516182066
0,0,0,0,0,0,0,0,0,0,1,14.627503668092213,27.984466178978384,18.04733604035546
0,0,1,0,0,0,0,0,0,0,2,72.43731463827356,53.682583875409726,42.78369351520012
0,0,0,0,0,0,0,0,0,0,1,14.155250145395984,10.861126470312183,15.24400260011613
0,0,0,0,0,0,0,0,0,0,1,114.37087735772448,69.24105883806415,14.122537217978204
0,0,0,0,0,0,0,0,0,1,3,47.3732352543691,95.56193273665265,4.356631256889397
0,0,1,0,1,0,0,0,0,0,3,149.3965206448259,110.1419138352398,182.53062623905433
0,0,0,0,0,0,0,0,0,0,1,98.41896097312448,68.50476720651363,12.189209283527573
0,0,0,0,0,0,0,0,0,0,3,95.751812489392,93.61320453781089,14.87145638184725
0,0,1,0,0,0,1,0,0,0,2,3.3111449853627817,2.5060535742248327,4.242916568756114
0,0,0,0,0,0,0,0,0,1,3,50.64482087069531,98.99232840771269,3.760904072807631
0,0,0,0,1,0,0,0,0,0,2,158.185546448137,174.75965227994158,156.96451549503374
0,0,0,0,0,0,0,0,0,0,1,132.64216188328854,95.86018332839564,7.765538618846853
0,0,0,0,1,0,0,0,0,0,2,155.13966523390272,187.27320786245582,158.2130387421994
0,0,0,0,0,0,0,0,0,0,2,36.05005681589915,52.00994574566043,3.910664058536364
0,0,0,0,0,0,1,0,0,0,2,2.573708859523734,2.8207560188851133,4.983669439860902
0,0,0,0,0,0,0,0,0,0,3,114.82780045011528,78.72051580377446,8.912493546369351
0,0,0,0,0,0,1,0,0,0,2,2.14003259034755,3.5493579547699508,2.2802805383952083
0,0,1,0,0,0,0,0,0,0,2,42.13869620433508,62.82323077287441,43.733868924583675
0,0,1,0,0,0,0,0,0,0,2,17.734517070595963,24.64460081979749,18.8646529937487
0,0,0,0,1,0,0,0,0,0,3,103.14946320441595,179.47951491015937,156.7401009740019
0,0,0,0,0,0,0,0,0,0,1,11.134625165898775,28.771496406199194,11.503218160893912
0,0,1,0,0,0,0,0,0,0,2,50.034275380147726,79.83043066617202,57.246208683554784
0,0,1,0,0,0,1,0,0,0,2,2.065574187508356,4.9976959928598905,2.9864458109343524
0,0,0,0,0,0,1,0,0,0,2,3.88819530215534,3.266318046391749,2.3349308231918875
0,0,0,0,0,0,0,0,0,1,2,59.46700653920976,61.69222029445056,1.574472966915176
0,0,1,0,0,0,0,0,0,0,2,67.89927248171716,45.123824849426896,79.74964649843932
0,0,0,0,0,0,0,0,0,0,1,54.23135497842789,48.21964946766394,63.03591587354711
0,0,0,0,0,0,0,0,0,0,2,27.895932904877732,10.714291837286602,20.44036234056062
0,0,0,0,0,0,1,0,0,0,2,4.4921793979668525,2.4478755948763466,3.7188569012126167
0,0,0,0,0,0,0,0,0,0,1,83.24756295992864,42.28883316359878,4.877834130535394
0,0,0,0,0,0,0,0,0,0,1,75.70465561550218,59.25550371846275,9.038774279287004
0,0,0,0,0,0,0,0,0,0,1,12.919193274360666,15.517943572096573,18.150002681144965
0,0,1,0,0,0,0,0,0,0,2,22.254591123832235,27.1798765240417,19.242476263261004
0,0,0,0,1,0,0,0,0,0,2,118.61343316010613,182.91532489020517,138.25820347032425
0,0,0,0,0,0,1,0,0,0,2,3.8056789481599287,2.6065642554267505,3.169132768202487
0,0,1,0,0,0,0,0,0,0,2,52.7852733946746,57.22982418252396,75.93557426261303
0,0,0,0,1,0,0,0,0,0,2,132.28499202837833,154.681969210629,111.70901324532427
0,0,1,0,0,0,0,0,0,0,2,75.52874778071569,50.81012017969017,73.14337835458271
0,0,1,0,1,0,0,0,0,0,2,151.88741126645783,175.92930488430108,113.97884349236222
0,0,1,0,0,0,1,0,0,0,2,3.395259524098514,4.6005403694807825,3.5556134215239803
0,0,1,0,0,0,0,0,0,0,2,47.59791377796412,63.19384751049036,63.08888216505567
0,0,1,0,0,0,1,0,0,0,2,2.444250375113195,3.7193692776178384,2.7416970523983064
0,0,0,0,0,0,0,0,0,0,1,56.01451357270466,96.17836940569484,14.121388311151936
0,0,0,0,0,0,0,0,0,0,1,56.63116993722134,75.47481140633703,51.70504511739871
0,0,0,0,0,0,1,0,0,0,2,2.3628347091998068,4.496178259212902,2.8710103369765196
0,0,0,0,0,0,0,0,0,0,1,79.75405226010415,36.74252972232152,1.8709730625093024
0,0,0,0,0,0,0,0,0,0,1,59.972453293688204,72.69883478815787,43.19069218551749
0,0,0,0,0,0,0,0,0,0,1,100.24932170163855,69.4976747419487,9.545463103000717
0,0,0,0,0,0,1,0,0,0,2,3.2446597537978352,2.8412522887016753,2.906795978598036
0,0,0,0,1,0,0,0,0,0,4,164.08685722798617,101.51064411875149,171.33681035227758
0,0,0,0,1,0,0,0,0,0,2,153.49106816773536,137.10399120467474,134.37201968229033
0,0,0,0,0,0,0,0,0,0,1,132.4113570127093,79.95981814044467,6.491486848955644
0,0,0,0,0,0,0,0,0,0,2,114.5129518081314,51.704446846615674,6.102565948090399
0,0,0,0,0,0,0,0,0,0,1,65.39961094364753,70.99575881876176,10.984831680863614
0,0,0,0,1,0,0,0,0,0,3,191.59802722487393,136.3826461457537,189.60134506278834
0,0,0,0,1,0,0,0,0,0,3,143.46439371869533,130.70639310745122,103.98445187682681
0,0,0,0,0,0,1,0,0,0,2,4.5125998124431375,2.74157543625358,4.684486144211166
0,0,1,0,0,0,0,0,0,0,1,11.30853948447649,10.542404735617376,11.71257179497086
0,0,0,0,0,0,0,0,0,1,2,88.91459579524931,37.0249917680355,1.412466054374789
0,0,0,0,0,0,0,0,0,0,1,88.29811175162689,86.7641592899527,1.605340028092595
0,0,0,0,0,0,0,0,0,1,2,63.054885355544165,69.09339145177181,1.4012455781584352
0,0,0,0,0,0,1,0,0,0,2,4.462556977446252,4.952794458651771,3.054369072882441
0,0,0,0,0,0,0,0,0,0,3,127.8425363324533,61.792255505677254,7.270837000754334
0,0,0,0,0,0,0,0,0,0,2,124.45766208122613,53.755583020113995,14.431130833588842
0,0,0,0,0,0,1,0,0,0,2,3.6067433161959395,3.949347797737711,3.48170710446024
0,0,0,0,0,0,0,0,0,0,1,95.9239556757542,60.24867146364325,3.9671581013570347
0,0,0,0,0,0,0,0,0,0,3,25.362338893059494,20.895005945053626,18.088162691001894
0,0,0,0,0,0,1,0,0,0,2,2.655175422021772,3.0255992449074958,2.8801703543682446
0,0,0,0,0,0,0,0,0,0,1,52.06669699308625,76.28680846014673,43.850435381978336
0,0,0,0,0,0,1,0,0,0,2,2.3754917977743637,2.839681689102793,2.814370913371425
0,0,0,0,0,0,0,0,0,0,1,31.438775749610734,58.248721231120086,3.052675642449302
0,0,1,0,0,0,0,0,0,0,2,61.91710827919314,77.33673751215477,67.58579148152653
0,0,0,0,0,0,0,0,0,0,1,13.564248947986082,23.566511107964885,22.02687762981668
0,0,0,0,0,0,0,0,0,0,2,106.6553779253445,86.71620670516887,10.374196086705723
0,0,0,0,0,0,0,0,0,0,1,79.35616752481039,64.60038345858555,6.052718263985174
0,0,1,0,0,0,0,0,0,0,1,13.109546026992376,18.64897080660057,16.83844479613416
0,0,0,0,0,0,0,0,0,0,1,89.61320246607357,85.61657860851398,14.813316093048893
0,0,0,0,0,0,0,0,0,0,1,80.77249127449741,60.99723749123858,14.484822421582951
0,0,0,0,0,0,0,0,0,0,3,53.485875146965306,47.77213395980042,70.19754161366426
0,0,0,0,0,0,0,0,0,0,1,17.572418926556352,21.680197570346287,25.40459167836012
0,0,1,0,0,0,0,0,0,0,4,47.927342300530434,53.47140939136847,67.37506357855649
0,0,1,0,1,0,0,0,0,0,3,133.35492377612653,106.12482531492988,166.6107141030023
0,0,1,0,1,0,0,0,0,0,2,138.44759732282256,112.18899502509719,143.17328177966778
0,0,1,0,1,0,0,0,0,0,2,127.33906634166337,129.27412082379863,130.1526868179856
0,0,1,0,0,0,0,0,0,0,4,78.91117651080232,50.07245396868666,49.932549425688705
0,0,0,0,0,0,0,0,0,0,1,78.7212707409553,65.15362217543621,4.861139485314179
0,0,0,0,0,0,0,0,0,0,1,78.95075419217446,89.87100778103269,8.022844214833805
0,0,0,0,1,0,0,0,0,0,2,104.32511691471291,111.65309374453835,162.68964776836862
0,0,1,0,0,0,0,0,0,0,3,53.79376271259789,54.116455487516085,40.320377161031935
0,0,0,0,0,0,1,0,0,0,2,3.1210265887373114,2.9277956911780496,3.3698793445730706
0,0,1,0,0,0,0,0,0,0,1,10.897416948141935,24.952185275385258,26.82741115697248
0,0,0,0,0,0,0,0,0,0,1,16.400738814430582,17.524114048725394,22.99537135817757
0,0,0,0,0,0,0,0,0,0,2,137.7976058192424,56.322992071473514,6.98324258621134
0,0,0,0,1,0,0,0,0,0,2,103.76924065292201,143.04645974726793,191.90683431514057
0,0,0,0,0,0,0,0,0,0,1,84.3341201747201,70.15065283932661,9.853789031129415
0,0,1,0,0,0,1,0,0,0,2,3.275452000129672,2.3749346783610683,3.40803794578796
0,0,0,0,0,0,1,0,0,0,2,2.2193483812542603,3.7010602745143677,4.689901704773257
0,0,0,0,0,0,0,0,0,0,3,25.94712223315428,63.00996416196681,3.3548682815651896
0,0,0,0,0,0,0,0,0,1,3,50.14131975325207,40.62498023236393,2.427833327786162
0,0,1,0,0,0,0,0,0,0,2,66.79414189487653,77.03523964824373,75.88750737357125
0,0,1,0,0,0,1,0,0,0,4,3.6458447610562574,3.160550830565712,4.010491309746204
0,0,0,0,0,0,0,0,0,1,2,48.38362980249144,93.02047023777872,3.145687225260007
0,0,0,0,0,0,0,0,0,0,1,58.996843756717595,31.598553984278553,4.341692380572189
0,0,0,0,0,0,0,0,0,0,1,64.52346930446186,96.26608182778317,8.660158466372387
0,0,0,0,0,0,0,0,0,0,1,21.13533463416968,29.517573665384592,14.230927111085494
0,0,0,0,0,0,0,0,0,0,2,132.0248382760912,92.2846310495782,14.282478998901695
0,0,1,0,0,0,0,0,0,0,2,54.20439749022468,45.18728578615443,64.32169518285589
0,0,0,0,1,0,0,0,0,0,3,165.73185203969047,127.50351677387847,127.4504232778016
0,0,1,0,0,0,0,0,0,0,2,13.413844979453451,29.677903158450487,26.61356372984651
0,0,0,0,0,0,0,0,0,0,1,27.028560401211024,63.083085115309444,4.531855547059116
0,0,0,0,0,0,1,0,0,0,2,4.068945150462093,3.2151823063714406,3.6926889994647825
0,0,1,0,0,0,1,0,0,0,2,3.7727292661050438,2.1967092617829582,3.337216019674393
0,0,0,0,0,0,0,0,0,0,3,95.91389009363603,65.57121462873513,1.6254876317618496
0,0,1,0,1,0,0,0,0,0,3,119.67629940836096,197.7216732457232,105.96807188267324
0,0,1,0,0,0,0,0,0,0,4,57.37495942556411,77.4389106372195,78.93574787634182
0,0,1,0,0,0,1,0,0,0,2,2.7056650289481863,4.88711906404136,4.022238942835431
0,0,0,0,0,0,0,0,0,0,2,63.12634177163292,77.97738199894053,48.72066471285859
0,0,0,0,0,0,0,0,0,0,1,27.895567846912197,50.80848412266826,3.53626496204758
0,0,0,0,0,0,0,0,0,0,1,77.31038525053282,27.272872862071313,3.943713541430157
0,0,0,0,0,0,0,0,0,0,1,91.57660728687232,67.44951896171123,2.4432402195589766
0,0,0,0,1,0,0,0,0,0,3,135.38912244893373,129.26782516204761,171.13747419872544
0,0,0,0,0,0,0,0,0,0,1,92.18194773985203,23.093094660321665,4.2069818631480835
0,0,0,0,0,0,0,0,0,0,3,97.77637053073389,81.59938250130352,1.3608036686689151
0,0,0,0,0,0,0,0,0,0,3,50.97131870914572,66.73093452770055,13.334924921809069
0,0,1,0,0,0,0,0,0,0,2,74.0135116781606,73.18404772341852,77.7130210494933
0,0,1,0,0,0,0,0,0,0,2,69.74275755716931,70.7659056687487,62.784873859445696
0,0,0,0,0,0,0,0,0,0,1,51.29919101547693,66.00404324637233,74.6986123099488
0,0,1,0,0,0,0,0,0,0,3,54.41197306555932,58.22367677312579,78.04538517084008
0,0,1,0,1,0,0,0,0,0,2,166.64718335032467,189.8068392872289,129.23784157427275
0,0,0,0,0,0,1,0,0,0,3,2.2675558013926547,2.8746727571014956,2.187428307338564
0,0,0,0,0,0,1,0,0,0,2,2.472326662563047,3.9109347078310184,4.4382627485141946
0,0,0,0,0,0,1,0,0,0,2,4.493663932421926,2.783288131726474,3.9257649721742154
0,0,1,0,1,0,0,0,0,0,2,139.70757920222255,186.05765096178598,102.33224646303086
0,0,1,0,0,0,1,0,0,0,2,3.2923212601794405,2.8433020215810116,2.9907127330748784
0,0,0,0,0,0,0,0,0,0,1,46.037164053945425,44.269112934565186,48.901241529537046
0,0,0,0,0,0,1,0,0,0,3,4.348280115736266,2.238142487407016,4.089731823126046
0,0,0,0,1,0,0,0,0,0,3,174.27816216207978,182.6225523713165,134.14465363032053
0,0,0,0,0,0,0,0,0,0,1,114.9692830054746,55.255807776596804,14.072539224280472
0,0,0,0,0,0,0,0,0,1,2,28.737921094650794,95.94246306786461,1.6454350441123236
0,0,0,0,0,0,0,0,0,0,1,44.67915237989792,74.11275204873968,57.11158399126795
0,0,0,0,0,0,0,0,0,0,1,56.58924266576834,88.02712102325026,3.373658340114243
0,0,0,0,0,0,0,0,0,0,2,28.548679446126297,13.185556747578786,29.14880876575524
0,0,1,0,0,0,1,0,0,0,3,2.0933044062282162,3.8220250636042095,4.112802193477387
0,0,1,0,0,0,0,0,0,0,2,48.578138131934125,59.3117390897766,49.39191762715005
0,0,0,0,0,0,0,0,0,0,1,68.85931922107943,50.6062446137725,8.400954889366044
0,0,0,0,0,0,0,0,0,1,2,84.50987001118611,51.09022252225049,4.885899605393609
0,0,0,0,0,0,0,0,0,0,1,74.2345443494497,58.119385504075346,53.647088105044446
0,0,0,0,0,0,0,0,0,0,2,128.8045785308762,51.03979021673884,8.923396197123633
0,0,0,0,0,0,0,0,0,0,2,45.11224327977979,69.91223478621919,3.454406065336733
0,0,0,0,0,0,0,0,0,0,1,59.993107707580435,67.98976397332258,43.139166794491125
0,0,0,0,0,0,0,0,0,0,1,34.97805942489758,37.26549481910431,4.317583990216493
0,0,0,0,0,0,0,0,0,0,1,87.70599312988469,86.99141546619563,8.007863488626336
0,0,0,0,0,0,0,0,0,0,3,69.93863091468597,32.73300580763347,3.238505298184204
0,0,0,0,0,0,0,0,0,0,2,17.01013759716318,20.120472082418097,29.93531497714364
0,0,0,0,0,0,0,0,0,0,2,45.30137482702207,55.938393741963424,70.59724067148906
0,0,0,0,0,0,0,0,0,0,1,23.25619932268497,13.239321240809968,10.966401178277552
0,0,1,0,1,0,0,0,0,0,4,113.29248509159108,188.9422274193804,173.443985319276
0,0,0,0,0,0,0,0,0,1,2,78.60026801692428,80.49766881141483,2.1530409936285695
0,0,0,0,0,0,0,0,0,0,1,139.87786660826595,91.88465119756543,8.613565104903937
0,0,0,0,0,0,0,0,0,0,2,16.952106038423707,17.115465319864597,10.495871484600162
0,0,0,0,0,0,0,0,0,0,1,82.89366785936227,59.76680335740106,14.579055229044107
0,0,1,0,0,0,0,0,0,0,3,23.46726453535877,22.61595527078774,15.949564343840317
0,0,0,0,1,0,0,0,0,0,2,148.81003306452232,178.93388850173073,160.0998416280194
0,0,0,0,0,0,0,0,0,0,1,126.10897758573458,50.03549787133005,6.856815040738998
0,0,1,0,0,0,0,0,0,0,2,44.8015038135195,62.50593664616389,77.98008100701475
0,0,0,0,0,0,1,0,0,0,2,3.898326270156713,2.271576926544826,2.6744776363079366
0,0,1,0,0,0,0,0,0,0,1,28.482101096531576,17.841033848318933,26.199853558720378
0,0,0,0,0,0,0,0,0,1,2,45.50859105616388,99.01176422226561,2.7776419615350902
0,0,0,0,1,0,0,0,0,0,3,124.24104561238074,127.99428499502204,121.0706941261631
0,0,0,0,0,0,0,0,0,0,1,110.73428739778535,88.17491792649686,14.592758446352317
0,0,0,0,0,0,0,0,0,0,2,11.399563869890493,20.63799708876296,21.416442054755787
0,0,0,0,1,0,0,0,0,0,2,135.44653030770417,151.76929696607473,187.56318090833807
0,0,1,0,1,0,0,0,0,0,2,185.70960740742393,102.41784484919776,103.71330145344913
0,0,0,0,0,0,0,0,0,0,1,98.8439577075328,62.76840355686783,10.833314982475756
0,0,1,0,0,0,0,0,0,0,2,11.365091515960382,12.238125168345848,26.497360351597095
0,0,1,0,1,0,0,0,0,0,2,149.79117984642136,142.75574647334113,113.00772709362619
0,0,0,0,0,0,0,0,0,0,2,32.91289209022096,56.513808255975924,2.1065520367698896
0,0,1,0,0,0,0,0,0,0,3,57.39490830135208,79.23084199934917,68.62815372052957
0,0,0,0,0,0,1,0,0,0,2,4.574525796239825,2.1358829592694324,2.1543753268892085
0,0,0,0,0,0,0,0,0,0,1,65.8364465313056,69.27934489100795,9.639819927707693
0,0,1,0,0,0,0,0,0,0,2,19.262014158118475,25.957454917856772,15.7778540532853
0,0,0,0,1,0,0,0,0,0,2,112.76439799169472,159.1982774051525,146.9388816161952
0,0,0,0,1,0,0,0,0,0,3,175.3507561373495,170.42744727370774,154.08319722998715
0,0,1,0,0,0,0,0,0,0,1,28.403797473060955,15.06579593706073,27.136766177754804
0,0,0,0,0,0,0,0,0,0,1,21.209653726179386,13.136135445525376,27.555055321806975
0,0,0,0,0,0,0,0,0,0,3,53.078057141983415,96.26106070735685,6.2091450744559085
0,0,1,0,0,0,0,0,0,0,2,71.60148748959574,65.16732578771249,52.80234591862782
0,0,0,0,0,0,0,0,0,0,1,55.064604857826524,93.54564044387702,3.8824053356466766
0,0,0,0,1,0,0,0,0,0,3,147.84772233738286,131.4994725564693,107.49237963532876
0,0,0,0,0,0,0,0,0,0,2,74.75706548408621,76.28374990523187,3.293542811661654
0,0,0,0,0,0,1,0,0,0,2,2.0396833690910268,4.248160880176469,4.060359762683494
0,0,0,0,0,0,0,0,0,1,2,33.67017539811463,32.894039571640015,1.9153171945729253
0,0,1,0,0,0,1,0,0,0,3,2.5795070411207246,2.881551175169169,4.560216568412375
0,0,0,0,0,0,0,0,0,0,2,114.63801106881354,51.18739495284793,6.184216363378288
0,0,0,0,0,0,0,0,0,0,1,95.40502706130303,77.44342809841781,1.3100602126907606
0,0,0,0,0,0,0,0,0,0,1,21.360594214989934,68.22654150757774,2.9501967901456636
0,0,1,0,0,0,0,0,0,0,2,56.04637924206415,41.746958488180304,68.70808266411971
0,0,0,0,0,0,0,0,0,1,2,65.73925019001193,99.75057637195303,3.7973387261615077
0,0,1,0,1,0,0,0,0,0,2,175.81415746780257,111.71154546135493,163.43429251777712
0,0,0,0,0,0,0,0,0,0,1,17.368403534314865,22.505969816457263,20.141059688885125
0,0,0,0,1,0,0,0,0,0,2,195.86660624579446,129.0689786661436,133.7607058667525
0,0,1,0,0,0,1,0,0,0,2,4.029453242306692,2.5042292606281475,2.0086224853133707
0,0,0,0,0,0,0,0,0,0,1,107.51924940459836,72.92574508896965,5.941691212485452
0,0,0,0,0,0,1,0,0,0,2,2.2090190766110966,2.1376007735181033,2.988966347755908
0,0,0,0,1,0,0,0,0,0,3,128.84848665578173,144.76064828586001,106.75783858275503
0,0,0,0,0,0,0,0,0,0,1,99.39354074326765,62.0843564213928,8.246231948457055
0,0,0,0,1,0,0,0,0,0,3,137.54759451314132,126.04544990115252,184.69743917989055
0,0,1,0,0,0,0,0,0,0,3,13.734446139375427,17.88570524936879,25.625061730206653
0,0,0,0,1,0,0,0,0,0,3,118.2343973119518,188.38784529155052,183.67843160345413
0,0,1,0,0,0,1,0,0,0,2,3.7387279887437854,3.3302811457532577,2.5652886015865444
0,0,0,0,0,0,0,0,0,0,2,90.05803710263108,65.6902939285894,1.0760937942842275
