has_dimensions,has_units,has_x_separator,is_heavy,is_large,is_long,is_small,is_strong,is_thick,is_thin,word_count,radius,height
0,0,0,0,0,0,0,0,0,0,1,6.060333394681857,28.105431807145813
0,0,0,0,0,0,1,0,0,0,2,24.286395741294978,3.468999747623826
0,0,0,0,0,0,0,0,0,0,1,23.597288852665997,60.68978258772468
0,0,0,0,0,0,1,0,0,0,2,12.813102792987147,45.94029425108869
0,0,0,0,0,0,0,0,0,0,1,4.300128662261503,191.910004541711
0,0,0,0,0,0,1,0,0,0,2,11.28198191618039,53.535146883687446
0,0,0,0,0,0,0,0,0,0,1,10.33638495662042,71.44792018785252
0,0,0,0,0,0,0,0,0,0,1,28.55206935490734,6.130135856206703
0,0,0,0,0,0,1,0,0,0,2,30.34230919795116,4.369486247754616
0,0,0,0,0,0,1,0,0,0,2,13.703154135136476,26.517242358588415
0,0,0,0,0,0,1,0,0,0,2,10.156464873987755,82.60241254690698
0,0,0,0,0,0,0,0,0,0,1,8.439426019856743,50.42119686780999
0,0,0,0,0,0,0,0,0,0,1,27.99757768481929,8.807022926345095
0,0,0,0,0,0,1,0,0,0,2,39.595032286773026,8.08111442471686
0,0,0,0,0,0,1,0,0,0,2,29.5645878030769,59.24396834014789
0,0,0,0,0,0,1,0,0,0,2,11.400939729551464,29.241572217710004
0,0,0,0,0,0,1,0,0,0,2,34.45045818778358,8.605748725941552
0,0,0,0,0,0,1,0,0,0,2,5.6415999663563845,23.09166462339739
0,0,0,0,0,0,0,0,0,0,1,29.047776880712796,7.949889381512754
0,0,0,0,0,0,0,0,0,0,1,2.666312566024515,118.86585686265673
0,0,0,0,0,0,0,0,0,0,1,9.841390123936844,39.20242809284396
0,0,0,0,0,0,1,0,0,0,2,2.888959096674037,155.88948352119456
0,0,0,0,0,0,0,0,0,0,1,9.256193055026745,42.77118807790906
0,0,0,0,0,0,0,0,0,0,1,3.706089327051822,118.49648918983604
0,0,0,0,0,0,0,0,0,0,1,41.39266568070093,7.335837821317937
0,0,0,0,0,0,1,0,0,0,2,11.831161418022802,82.365951722597
0,0,0,0,0,0,0,0,0,0,1,3.2111739269081427,125.2904744464418
0,0,0,0,0,0,1,0,0,0,2,3.0641135815059095,148.92174149569348
0,0,0,0,0,0,0,0,0,0,1,19.62140286575647,82.29918609376719
0,0,0,0,0,0,1,0,0,0,2,10.029691656762605,51.73732462934774
0,0,0,0,0,0,1,0,0,0,2,29.033484831098523,2.3221763563262243
0,0,0,0,0,0,1,0,0,0,2,11.808895089056108,30.36017550629605
0,0,0,0,0,0,0,0,0,0,1,4.836524644169486,95.9965362247112
0,0,0,0,0,0,0,0,0,0,1,4.449471364311304,118.72588871808988
0,0,0,0,0,0,1,0,0,0,2,33.91776880700641,8.380399981466798
0,0,0,0,0,0,1,0,0,0,2,2.78482086398962,169.57379944082868
0,0,0,0,0,0,0,0,0,0,1,6.541751428125918,59.68536150679362
0,0,0,0,0,0,0,0,0,0,1,13.149678690581245,94.81418310138625
0,0,0,0,0,0,1,0,0,0,2,28.040897696808535,2.5692915225801016
0,0,0,0,0,0,0,0,0,0,1,38.56265588277094,7.906807346965294
0,0,0,0,0,0,1,0,0,0,2,27.047752674113273,57.64811380246172
0,0,0,0,0,0,0,0,0,0,1,22.72925045154221,62.57674822837768
0,0,0,0,0,0,0,0,0,0,1,6.954870118667911,21.64794333406497
0,0,0,0,0,0,1,0,0,0,2,14.43344787321069,56.617874221386145
0,0,0,0,0,0,0,0,0,0,1,29.831488934584144,6.577495419524228
0,0,0,0,0,0,1,0,0,0,2,3.9540031974208474,141.86558603749262
0,0,0,0,0,0,0,0,0,0,1,24.946575681909145,66.56876199458212
0,0,0,0,0,0,0,0,0,0,1,17.44703123400498,66.5453328531122
0,0,0,0,0,0,1,0,0,0,2,19.628408682582336,88.08524665530408
0,0,0,0,0,0,0,0,0,0,1,2.8597997930873382,72.74614407874074
0,0,0,0,0,0,0,0,0,0,1,6.488514933565261,50.86500800939819
0,0,0,0,0,0,1,0,0,0,2,11.900120859962268,55.3502882901843
0,0,0,0,0,0,0,0,0,0,1,29.274000467526083,88.76003939161163
0,0,0,0,0,0,0,0,0,0,1,12.40442546346168,24.928521733043958
0,0,0,0,0,0,0,0,0,0,1,5.2793085808047735,30.015402602483388
0,0,0,0,0,0,1,0,0,0,2,4.004071980189929,85.30665364605031
0,0,0,0,0,0,1,0,0,0,2,8.263275342744882,45.21592246436683
0,0,0,0,0,0,0,0,0,0,1,4.602840322679414,174.5467671879615
0,0,0,0,0,0,0,0,0,0,1,13.183171302802268,54.3031764051387
0,0,0,0,0,0,1,0,0,0,2,42.302396053584104,7.104045663087488
0,0,0,0,0,0,1,0,0,0,2,13.448570215991975,59.64040698999596
0,0,0,0,0,0,1,0,0,0,2,4.980021942648725,185.7946816861726
0,0,0,0,0,0,0,0,0,0,1,19.004280346201476,63.289304720078015
0,0,0,0,0,0,1,0,0,0,2,39.84731026902194,7.549888019163357
0,0,0,0,0,0,0,0,0,0,1,4.345106486759818,69.07733829321751
0,0,0,0,0,0,1,0,0,0,2,8.267209464087273,25.3995432174195
0,0,0,0,0,0,0,0,0,0,1,28.821485656475694,8.41301034806005
0,0,0,0,0,0,1,0,0,0,2,3.8341452149077466,143.13845002262826
0,0,0,0,0,0,0,0,0,0,1,19.477819281336437,98.27225008869544
0,0,0,0,0,0,1,0,0,0,2,21.870443880763,56.80881189005779
0,0,0,0,0,0,1,0,0,0,2,7.0677120086999015,33.67152855810602
0,0,0,0,0,0,1,0,0,0,2,36.04649081036486,4.037493901513727
0,0,0,0,0,0,0,0,0,0,1,12.75442849671744,48.60703992605842
0,0,0,0,0,0,1,0,0,0,2,15.178545149213436,77.62170568559951
0,0,0,0,0,0,0,0,0,0,1,14.401238875431059,40.72913863253814
0,0,0,0,0,0,0,0,0,0,1,42.41347959358661,7.568969034627149
0,0,0,0,0,0,0,0,0,0,1,12.771623913794224,47.809955709180045
0,0,0,0,0,0,0,0,0,0,1,28.84023488514326,58.30442975421711
0,0,0,0,0,0,1,0,0,0,2,4.370136595394625,71.62488145400422
0,0,0,0,0,0,0,0,0,0,1,29.340898035643182,83.47816209459386
0,0,0,0,0,0,0,0,0,0,1,11.5515298823025,29.906172731163533
0,0,0,0,0,0,0,0,0,0,1,4.990687518237705,76.76821616846095
0,0,0,0,0,0,1,0,0,0,2,23.22434474011381,85.10425494997642
0,0,0,0,0,0,1,0,0,0,2,13.384774938001025,95.378405102999
0,0,0,0,0,0,0,0,0,0,1,34.75717603798962,6.679122861163489
0,0,0,0,0,0,0,0,0,0,1,21.548331085955578,7.689089950529999
0,0,0,0,0,0,0,0,0,0,1,25.44630515412299,8.883276311824822
0,0,0,0,0,0,0,0,0,0,1,2.643589837752253,124.14539610184735
0,0,0,0,0,0,1,0,0,0,2,47.647325763954655,3.346598424383717
0,0,0,0,0,0,1,0,0,0,2,4.4899298832433345,74.11310384750304
0,0,0,0,0,0,1,0,0,0,2,34.2162591640043,9.384361023516341
0,0,0,0,0,0,1,0,0,0,2,4.189673531139652,84.43391554251457
0,0,0,0,0,0,1,0,0,0,2,40.49304921166525,5.203223624557398
0,0,0,0,0,0,1,0,0,0,2,13.036006734718095,53.52963697612198
0,0,0,0,0,0,0,0,0,0,1,14.207150040631111,50.58656137525675
0,0,0,0,0,0,1,0,0,0,2,20.541569360900493,85.82261984805767
0,0,0,0,0,0,1,0,0,0,2,19.264170572487178,75.19803367006986
0,0,0,0,0,0,1,0,0,0,2,38.90535718481458,3.211226472731714
0,0,0,0,0,0,0,0,0,0,1,18.46257395371758,66.77324087184061
0,0,0,0,0,0,1,0,0,0,2,29.759764762364263,62.90514147335566
0,0,0,0,0,0,1,0,0,0,2,13.002870544721874,58.906964966036846
0,0,0,0,0,0,0,0,0,0,1,10.590299803039612,23.085555313719887
0,0,0,0,0,0,1,0,0,0,2,26.61975289554329,55.596598625452565
0,0,0,0,0,0,1,0,0,0,2,11.851593596691616,21.915542977332052
0,0,0,0,0,0,0,0,0,0,1,18.350442495451368,68.12800343711432
0,0,0,0,0,0,1,0,0,0,2,10.222619267796588,24.848143396075745
0,0,0,0,0,0,0,0,0,0,1,3.7835576291059256,58.97542964228538
0,0,0,0,0,0,1,0,0,0,2,2.408872087409361,164.75323609263893
0,0,0,0,0,0,1,0,0,0,2,5.098896766927801,54.156031439959456
0,0,0,0,0,0,1,0,0,0,2,34.491182527697596,8.281344045420637
0,0,0,0,0,0,1,0,0,0,2,2.5824961172741303,126.27501372170596
0,0,0,0,0,0,0,0,0,0,1,14.847958774684354,41.3411243070612
0,0,0,0,0,0,0,0,0,0,1,31.08292157668053,4.4682036404869425
0,0,0,0,0,0,1,0,0,0,2,13.310291439086802,43.68778717836008
0,0,0,0,0,0,0,0,0,0,1,18.692185733499983,91.92026851538665
0,0,0,0,0,0,1,0,0,0,2,37.611727674322836,9.350677010988356
0,0,0,0,0,0,1,0,0,0,2,41.338814749136034,7.972371442610734
0,0,0,0,0,0,1,0,0,0,2,28.423988044834637,89.12639102190364
0,0,0,0,0,0,0,0,0,0,1,10.82723359163435,57.55174880954779
0,0,0,0,0,0,1,0,0,0,2,3.2121960405427403,107.99003907047953
0,0,0,0,0,0,0,0,0,0,1,25.056485008790137,70.12983305212015
0,0,0,0,0,0,0,0,0,0,1,4.877150646274498,123.1256002372627
0,0,0,0,0,0,1,0,0,0,2,2.3763794261583806,130.4672504853578
0,0,0,0,0,0,0,0,0,0,1,4.268148865868986,94.42426228315801
0,0,0,0,0,0,1,0,0,0,2,8.612502251471147,57.554132254229295
0,0,0,0,0,0,0,0,0,0,1,14.861659159544132,35.165973543537106
0,0,0,0,0,0,0,0,0,0,1,45.97809484130201,8.305756565077454
0,0,0,0,0,0,0,0,0,0,1,4.183146885452048,121.38895095194314
0,0,0,0,0,0,1,0,0,0,2,14.682807771534481,98.18813551316188
0,0,0,0,0,0,1,0,0,0,2,3.19632200756336,194.464930928347
0,0,0,0,0,0,0,0,0,0,1,27.64093120265055,5.782761039189393
0,0,0,0,0,0,1,0,0,0,2,5.606929807521626,32.41673803694101
0,0,0,0,0,0,0,0,0,0,1,17.05435721264879,69.44200569489414
0,0,0,0,0,0,0,0,0,0,1,21.885548310575167,8.924635824266073
0,0,0,0,0,0,0,0,0,0,1,39.52956315104595,4.04354889205799
0,0,0,0,0,0,0,0,0,0,1,3.846689981208411,94.48940037398108
0,0,0,0,0,0,0,0,0,0,1,22.319274098780756,87.73686423062246
0,0,0,0,0,0,0,0,0,0,1,12.856079908936628,36.0294675029839
0,0,0,0,0,0,1,0,0,0,2,4.6715212953823135,187.95090633048272
0,0,0,0,0,0,0,0,0,0,1,36.956481241460175,6.905046864117929
0,0,0,0,0,0,0,0,0,0,1,26.511696732347918,9.807346096504716
0,0,0,0,0,0,1,0,0,0,2,11.394107119147712,51.67538950929594
0,0,0,0,0,0,0,0,0,0,1,4.3359656166408715,55.661067596554254
0,0,0,0,0,0,0,0,0,0,1,3.1423605098806453,158.38710398109234
0,0,0,0,0,0,1,0,0,0,2,6.5186693581299835,58.066526814713704
0,0,0,0,0,0,0,0,0,0,1,4.997544002496545,134.54698201071255
0,0,0,0,0,0,1,0,0,0,2,2.56225109071709,128.06832901974389
0,0,0,0,0,0,0,0,0,0,1,38.44198496795228,4.839245746483852
0,0,0,0,0,0,0,0,0,0,1,4.078399056675218,55.801869930512524
0,0,0,0,0,0,1,0,0,0,2,42.01717271280495,6.130302151542524
0,0,0,0,0,0,1,0,0,0,2,2.3306909632901873,170.67133261337278
0,0,0,0,0,0,0,0,0,0,1,19.237769023293453,82.08652741355081
0,0,0,0,0,0,1,0,0,0,2,21.931842268319873,7.6005040110499325
0,0,0,0,0,0,0,0,0,0,1,15.699628467472369,97.39968280654071
0,0,0,0,0,0,0,0,0,0,1,22.555828575042817,5.477174821523477
0,0,0,0,0,0,1,0,0,0,2,8.444395295450178,50.18516185746891
0,0,0,0,0,0,1,0,0,0,2,5.450756309885298,39.336709051769674
0,0,0,0,0,0,0,0,0,0,1,4.592468062931497,131.00169748264346
0,0,0,0,0,0,0,0,0,0,1,43.42998395511334,6.140458402443457
0,0,0,0,0,0,1,0,0,0,2,20.77677385369926,2.503372807822241
0,0,0,0,0,0,0,0,0,0,1,13.86494529246888,42.44610691592613
0,0,0,0,0,0,0,0,0,0,1,2.98985028575805,78.60477675611732
0,0,0,0,0,0,1,0,0,0,2,2.5111338255829994,83.02460085953766
0,0,0,0,0,0,0,0,0,0,1,9.30151455637267,24.09895881800429
0,0,0,0,0,0,0,0,0,0,1,3.9426698661005113,151.06981139922956
0,0,0,0,0,0,0,0,0,0,1,31.561289139179795,6.145105508502052
0,0,0,0,0,0,1,0,0,0,2,25.797248964774724,68.25612566422137
0,0,0,0,0,0,1,0,0,0,2,14.527605415660037,90.38822477148477
0,0,0,0,0,0,0,0,0,0,1,2.422411498391738,120.07583458178722
0,0,0,0,0,0,1,0,0,0,2,32.269110639226945,8.781363101897544
0,0,0,0,0,0,0,0,0,0,1,10.107630792134099,40.49561365754707
0,0,0,0,0,0,1,0,0,0,2,17.444610240051222,60.65392174844622
0,0,0,0,0,0,1,0,0,0,2,49.51176055253762,6.402099765337757
0,0,0,0,0,0,0,0,0,0,1,29.05252124662608,68.48358495544639
0,0,0,0,0,0,0,0,0,0,1,21.410706241441293,70.01985643307452
0,0,0,0,0,0,0,0,0,0,1,29.926249501204815,2.038202140444592
0,0,0,0,0,0,1,0,0,0,2,26.75888934283642,6.879742302786483
0,0,0,0,0,0,1,0,0,0,2,24.55484197237886,52.40960528364071
0,0,0,0,0,0,0,0,0,0,1,4.855884334666172,119.48817885645289
0,0,0,0,0,0,0,0,0,0,1,5.1057099666603385,49.087232883176284
0,0,0,0,0,0,0,0,0,0,1,37.15953709880855,2.8678562110040087
0,0,0,0,0,0,1,0,0,0,2,9.359210742349475,47.82434872358717
0,0,0,0,0,0,0,0,0,0,1,2.6273058138879835,94.55301962642054
0,0,0,0,0,0,0,0,0,0,1,31.74486757651703,3.901260375921618
0,0,0,0,0,0,0,0,0,0,1,31.462588033508815,5.292235273070892
0,0,0,0,0,0,1,0,0,0,2,6.607826935189728,22.060093338877877
0,0,0,0,0,0,0,0,0,0,1,31.24348283286832,2.9693715180802167
0,0,0,0,0,0,1,0,0,0,2,26.849061863725492,74.10616178740017
0,0,0,0,0,0,1,0,0,0,2,23.62973276779765,69.83919275200114
0,0,0,0,0,0,0,0,0,0,1,27.643772067757364,8.573442091594224
0,0,0,0,0,0,1,0,0,0,2,6.80500846316974,57.236857071641644
0,0,0,0,0,0,1,0,0,0,2,3.7398279009871556,59.901611269919215
0,0,0,0,0,0,1,0,0,0,2,42.20272689368971,2.3049158109140278
0,0,0,0,0,0,0,0,0,0,1,27.7408281960494,89.53075106040939
0,0,0,0,0,0,0,0,0,0,1,42.97974675033613,4.5214424287015795
0,0,0,0,0,0,1,0,0,0,2,21.078741777950583,87.32817706754653
0,0,0,0,0,0,0,0,0,0,1,4.884977261702057,161.25203663937907
0,0,0,0,0,0,1,0,0,0,2,27.725241439509688,3.229733506845495
0,0,0,0,0,0,0,0,0,0,1,4.328524549096831,186.83761993669268
0,0,0,0,0,0,0,0,0,0,1,2.2328103732725375,167.98383115623358
0,0,0,0,0,0,1,0,0,0,2,13.554834347140503,39.4977926655863
0,0,0,0,0,0,0,0,0,0,1,7.763443762248197,56.10703526518043
0,0,0,0,0,0,1,0,0,0,2,17.932853538127233,77.46333643916998
0,0,0,0,0,0,1,0,0,0,2,36.99443837799422,3.371125263268646
0,0,0,0,0,0,1,0,0,0,2,45.37901605982934,5.821411131855088
0,0,0,0,0,0,0,0,0,0,1,35.68708324643319,7.194727041819038
0,0,0,0,0,0,1,0,0,0,2,4.107411429215462,109.62722701834538
0,0,0,0,0,0,0,0,0,0,1,3.441141586765615,62.96087690026849
0,0,0,0,0,0,1,0,0,0,2,2.60016194811968,98.20519133646843
0,0,0,0,0,0,0,0,0,0,1,42.93867407729414,7.056857161682339
0,0,0,0,0,0,0,0,0,0,1,15.73413121161259,50.210575779014604
0,0,0,0,0,0,1,0,0,0,2,4.208702653617717,164.61243835120288
0,0,0,0,0,0,0,0,0,0,1,2.159432692204369,52.80335397632551
0,0,0,0,0,0,1,0,0,0,2,33.72055597171805,2.7012281840438117
0,0,0,0,0,0,1,0,0,0,2,25.42937377412496,3.1133825134706967
0,0,0,0,0,0,1,0,0,0,2,30.87130540033846,4.842804946280235
0,0,0,0,0,0,0,0,0,0,1,2.130037126178857,110.46634931408761
0,0,0,0,0,0,1,0,0,0,2,7.6192229936888545,55.0388375862792
0,0,0,0,0,0,0,0,0,0,1,48.08694574934789,5.122239402131177
0,0,0,0,0,0,0,0,0,0,1,13.522107545526122,53.389637202488125
0,0,0,0,0,0,0,0,0,0,1,10.250240419423056,58.932426084673466
0,0,0,0,0,0,0,0,0,0,1,11.32045461164126,55.068728128759346
0,0,0,0,0,0,0,0,0,0,1,12.355658324531735,34.8802174726281
0,0,0,0,0,0,1,0,0,0,2,3.1585570867470074,165.65958896933634
0,0,0,0,0,0,0,0,0,0,1,41.530718642729084,9.680186629577989
0,0,0,0,0,0,1,0,0,0,2,10.412033939229396,42.60314536575548
0,0,0,0,0,0,0,0,0,0,1,13.603073312670315,65.75068172209654
0,0,0,0,0,0,0,0,0,0,1,14.347948816406092,31.9609740688188
0,0,0,0,0,0,1,0,0,0,2,9.147450656938023,48.21359938609726
0,0,0,0,0,0,1,0,0,0,2,3.3019028269552892,109.31954160952007
0,0,0,0,0,0,0,0,0,0,1,17.381813449967225,74.56890401821578
0,0,0,0,0,0,1,0,0,0,2,13.281597798724773,47.930512992948465
0,0,0,0,0,0,0,0,0,0,1,2.049636649467441,104.8372889253107
0,0,0,0,0,0,1,0,0,0,2,12.510586102064467,65.99378632804287
0,0,0,0,0,0,1,0,0,0,2,13.723827606719892,27.181199672249047
0,0,0,0,0,0,1,0,0,0,2,7.000004909475244,37.03743862401046
0,0,0,0,0,0,1,0,0,0,2,24.270963493431722,9.664572964914099
0,0,0,0,0,0,0,0,0,0,1,3.1847953820222425,80.87720079406398
0,0,0,0,0,0,0,0,0,0,1,28.59464133889133,8.407410215672513
0,0,0,0,0,0,1,0,0,0,2,12.627144575332983,97.0403774555169
0,0,0,0,0,0,0,0,0,0,1,45.63009484191164,8.876948613230166
0,0,0,0,0,0,0,0,0,0,1,22.366998615172157,76.82001167101373
0,0,0,0,0,0,1,0,0,0,2,16.453537355176,95.76431122710005
0,0,0,0,0,0,1,0,0,0,2,21.087120279018354,95.77178550133068
0,0,0,0,0,0,0,0,0,0,1,12.032024415247804,31.76613156954303
0,0,0,0,0,0,0,0,0,0,1,24.15201607219538,55.896477058817
0,0,0,0,0,0,1,0,0,0,2,4.2526807972191865,94.53186238647956
0,0,0,0,0,0,0,0,0,0,1,4.806464636860856,146.40978922830612
0,0,0,0,0,0,1,0,0,0,2,9.694031153015104,30.3223651799891
0,0,0,0,0,0,0,0,0,0,1,43.15702364701178,7.64924003603598
0,0,0,0,0,0,0,0,0,0,1,28.923477528964185,73.56890794014181
0,0,0,0,0,0,0,0,0,0,1,19.151103356125063,91.45966988654979
0,0,0,0,0,0,1,0,0,0,2,4.382507207535561,161.88166969147733
0,0,0,0,0,0,0,0,0,0,1,2.7183925461945524,106.63637475987565
0,0,0,0,0,0,0,0,0,0,1,38.12960131839873,7.016468152929424
0,0,0,0,0,0,0,0,0,0,1,9.991490737238706,29.88535742777657
0,0,0,0,0,0,0,0,0,0,1,4.771674249159576,148.55388023477917
0,0,0,0,0,0,1,0,0,0,2,13.169987291457163,41.11854720856553
0,0,0,0,0,0,1,0,0,0,2,7.163035012037733,46.302414420785595
0,0,0,0,0,0,0,0,0,0,1,32.58096293795644,7.010367596235782
0,0,0,0,0,0,1,0,0,0,2,14.536499507424683,83.69911494246111
0,0,0,0,0,0,1,0,0,0,2,11.292918397628792,28.726951406339197
0,0,0,0,0,0,1,0,0,0,2,3.493173443028822,190.8736125818491
0,0,0,0,0,0,1,0,0,0,2,9.710955887187481,20.463485114752558
0,0,0,0,0,0,0,0,0,0,1,24.595914110561797,72.38444880639406
0,0,0,0,0,0,1,0,0,0,2,14.173942948969621,51.08483722362306
0,0,0,0,0,0,0,0,0,0,1,38.65644893401055,7.510084569953666
0,0,0,0,0,0,1,0,0,0,2,25.78427127851914,98.48290617543728
0,0,0,0,0,0,1,0,0,0,2,40.023825766899336,2.3385303864615414
0,0,0,0,0,0,1,0,0,0,2,7.41486160563832,59.69370876623851
0,0,0,0,0,0,0,0,0,0,1,44.82294629150317,9.474028337795541
0,0,0,0,0,0,1,0,0,0,2,32.56697139945379,2.5226626206438016
0,0,0,0,0,0,0,0,0,0,1,6.1810266594218355,54.5595557637911
0,0,0,0,0,0,1,0,0,0,2,20.03614557888005,71.82983359258586
0,0,0,0,0,0,0,0,0,0,1,7.379048693091344,37.85189320843065
0,0,0,0,0,0,0,0,0,0,1,13.079192810815318,21.52302328615974
0,0,0,0,0,0,1,0,0,0,2,9.972515411233319,51.33462885246826
0,0,0,0,0,0,1,0,0,0,2,25.863157882567457,85.21307122315875
0,0,0,0,0,0,1,0,0,0,2,4.139968764369814,154.35386129628654
0,0,0,0,0,0,1,0,0,0,2,40.5459887599299,5.653976639150883
0,0,0,0,0,0,0,0,0,0,1,9.086005416095173,38.419867919875685
0,0,0,0,0,0,0,0,0,0,1,38.14260072885538,4.193732183937317
0,0,0,0,0,0,1,0,0,0,2,2.293645599783421,116.37729052903886
0,0,0,0,0,0,1,0,0,0,2,23.93778089348733,9.184074214647172
0,0,0,0,0,0,0,0,0,0,1,11.436451813898634,68.93437700508935
0,0,0,0,0,0,1,0,0,0,2,39.2817501441117,7.157025489568481
0,0,0,0,0,0,0,0,0,0,1,2.68826481852667,152.87648041657735
0,0,0,0,0,0,1,0,0,0,2,4.682693988177916,120.77634615038811
0,0,0,0,0,0,1,0,0,0,2,14.857085262269683,30.503001968800774
0,0,0,0,0,0,1,0,0,0,2,27.65296292089414,58.89146096956894
0,0,0,0,0,0,1,0,0,0,2,31.925477990111343,3.0231539635466893
0,0,0,0,0,0,0,0,0,0,1,46.07442042273964,8.558284636132054
0,0,0,0,0,0,0,0,0,0,1,2.076310189516443,121.37786773502235
0,0,0,0,0,0,0,0,0,0,1,2.948220188289887,168.82166994725708
0,0,0,0,0,0,0,0,0,0,1,28.203402057864658,95.77827071204075
0,0,0,0,0,0,0,0,0,0,1,7.050786162045001,30.960560178652674
0,0,0,0,0,0,0,0,0,0,1,3.27345100898972,120.79404887021485
0,0,0,0,0,0,0,0,0,0,1,4.936760915811146,180.098291248986
0,0,0,0,0,0,1,0,0,0,2,45.958724659191994,8.334483403859952
0,0,0,0,0,0,1,0,0,0,2,2.534270174159926,121.20877225868725
0,0,0,0,0,0,1,0,0,0,2,21.719818251090047,98.83111420155873
0,0,0,0,0,0,0,0,0,0,1,2.746572838373556,119.23087064771889
0,0,0,0,0,0,0,0,0,0,1,4.938443139567451,66.27646660548771
0,0,0,0,0,0,1,0,0,0,2,31.401851009012606,9.37020401754219
0,0,0,0,0,0,0,0,0,0,1,17.193837807986334,58.292335789803246
0,0,0,0,0,0,1,0,0,0,2,11.174366919245294,39.410260371927805
0,0,0,0,0,0,1,0,0,0,2,28.86124464566938,8.435613709441377
0,0,0,0,0,0,0,0,0,0,1,3.0247804934228335,156.39747840441882
0,0,0,0,0,0,0,0,0,0,1,18.129988577236755,70.96797286200115
0,0,0,0,0,0,0,0,0,0,1,3.2077577813532914,130.75861022376904
0,0,0,0,0,0,0,0,0,0,1,7.588624282555783,39.554452015279
0,0,0,0,0,0,1,0,0,0,2,2.5856155934026286,102.0687685549969
0,0,0,0,0,0,0,0,0,0,1,19.273785961912086,82.58632812827926
0,0,0,0,0,0,0,0,0,0,1,26.397098839007395,67.70415230033116
0,0,0,0,0,0,1,0,0,0,2,39.384421421630975,2.3035625223070344
0,0,0,0,0,0,0,0,0,0,1,14.553729548458644,38.87088423697456
0,0,0,0,0,0,0,0,0,0,1,3.909812406290596,186.96815766289086
0,0,0,0,0,0,1,0,0,0,2,21.059390123817927,60.68984228830283
0,0,0,0,0,0,0,0,0,0,1,4.7349329551552835,167.15634072719666
0,0,0,0,0,0,0,0,0,0,1,13.030638194663805,30.2616666428506
0,0,0,0,0,0,0,0,0,0,1,26.905549279482752,7.843178552612968
0,0,0,0,0,0,1,0,0,0,2,2.1566629875054373,154.15115940676336
0,0,0,0,0,0,1,0,0,0,2,34.72620575066728,4.028878146550681
0,0,0,0,0,0,1,0,0,0,2,47.47592862424871,2.8122314501407644
0,0,0,0,0,0,0,0,0,0,1,48.221832609901384,2.4831438641637833
0,0,0,0,0,0,1,0,0,0,2,10.93694906393894,32.726404911452775
0,0,0,0,0,0,1,0,0,0,2,49.62170829405912,5.03077003148826
0,0,0,0,0,0,1,0,0,0,2,10.90793031228326,73.61228079919216
0,0,0,0,0,0,1,0,0,0,2,17.612549467787325,88.25625806298683
0,0,0,0,0,0,0,0,0,0,1,2.4674551207062434,196.6319152859574
0,0,0,0,0,0,1,0,0,0,2,11.918444336617044,98.44475512435875
0,0,0,0,0,0,1,0,0,0,2,19.474531302738313,82.13087919477778
0,0,0,0,0,0,1,0,0,0,2,18.4591204103463,95.75233600944449
0,0,0,0,0,0,1,0,0,0,2,49.713883458820845,7.643735500869613
0,0,0,0,0,0,0,0,0,0,1,22.025814488579467,70.41518551138225
0,0,0,0,0,0,1,0,0,0,2,33.17125973907848,3.4735426538727596
0,0,0,0,0,0,0,0,0,0,1,20.647316138916565,58.20623034808135
0,0,0,0,0,0,0,0,0,0,1,13.527028129884583,44.980484822643795
0,0,0,0,0,0,1,0,0,0,2,5.936320602336859,48.80787295604984
0,0,0,0,0,0,0,0,0,0,1,6.782849382773705,22.549506086197376
0,0,0,0,0,0,1,0,0,0,2,23.517660169289467,74.85088228467669
0,0,0,0,0,0,0,0,0,0,1,36.26562984749246,4.111324769567399
0,0,0,0,0,0,0,0,0,0,1,21.658609318149935,57.275736336074885
0,0,0,0,0,0,1,0,0,0,2,8.006452394379027,27.755758549105852
0,0,0,0,0,0,1,0,0,0,2,18.34139857443562,94.55986763816097
0,0,0,0,0,0,1,0,0,0,2,2.6284694775377524,162.21474502938807
0,0,0,0,0,0,1,0,0,0,2,13.541213541645325,67.38442183417027
0,0,0,0,0,0,0,0,0,0,1,14.897314861530361,51.48218161631392
0,0,0,0,0,0,0,0,0,0,1,7.650702214441846,36.99971974567389
0,0,0,0,0,0,1,0,0,0,2,25.726067293473722,6.537177983288696
0,0,0,0,0,0,1,0,0,0,2,19.518848371232597,90.16991612853725
0,0,0,0,0,0,0,0,0,0,1,45.66568049549457,6.414825082927201
0,0,0,0,0,0,1,0,0,0,2,27.89154077687075,68.35781450201891
0,0,0,0,0,0,0,0,0,0,1,12.364562212781498,68.2187510623877
0,0,0,0,0,0,1,0,0,0,2,24.715237025205077,5.159134146108893
0,0,0,0,0,0,0,0,0,0,1,42.20346006174927,8.477554626951605
0,0,0,0,0,0,1,0,0,0,2,22.686999622131154,64.28749119692046
0,0,0,0,0,0,1,0,0,0,2,4.777312339178064,190.85915303413125
0,0,0,0,0,0,0,0,0,0,1,19.233506316079378,70.38150020361083
0,0,0,0,0,0,0,0,0,0,1,4.439534759665719,125.18893796923878
0,0,0,0,0,0,1,0,0,0,2,3.471751283279045,141.6466887887587
0,0,0,0,0,0,0,0,0,0,1,4.097790487200798,108.37745457760637
0,0,0,0,0,0,1,0,0,0,2,31.303480151127893,2.7525860949405825
0,0,0,0,0,0,1,0,0,0,2,28.457691846934715,5.75912504737448
0,0,0,0,0,0,1,0,0,0,2,12.650838779824873,65.594779383565
0,0,0,0,0,0,0,0,0,0,1,10.12330563892336,76.46010934811014
0,0,0,0,0,0,0,0,0,0,1,8.174692776825466,46.68972478066097
0,0,0,0,0,0,1,0,0,0,2,25.82510020594724,58.03448294900364
0,0,0,0,0,0,1,0,0,0,2,25.301465576138646,57.419165189505755
0,0,0,0,0,0,1,0,0,0,2,30.824893077470666,7.033594831031095
0,0,0,0,0,0,1,0,0,0,2,2.987441980392836,89.25104774146337
0,0,0,0,0,0,1,0,0,0,2,14.926622421429874,93.80987105879146
0,0,0,0,0,0,0,0,0,0,1,4.500548246555952,73.4678532527902
0,0,0,0,0,0,0,0,0,0,1,4.1854132100232215,162.0426692973769
0,0,0,0,0,0,0,0,0,0,1,13.774865427045299,79.06598593491685
0,0,0,0,0,0,0,0,0,0,1,8.971004006133786,37.754679608863526
0,0,0,0,0,0,1,0,0,0,2,4.758085958611611,153.56145177757753
0,0,0,0,0,0,0,0,0,0,1,17.90839481910524,71.24153687140027
0,0,0,0,0,0,1,0,0,0,2,11.059483174879858,25.423480336240406
0,0,0,0,0,0,0,0,0,0,1,8.869620249400164,33.6399900704486
0,0,0,0,0,0,1,0,0,0,2,3.034346451534595,197.42013059993906
0,0,0,0,0,0,0,0,0,0,1,21.07885680113932,8.081525048004465
0,0,0,0,0,0,0,0,0,0,1,15.367292345106796,58.209035228978436
0,0,0,0,0,0,0,0,0,0,1,18.637687900537614,83.53378244245326
0,0,0,0,0,0,0,0,0,0,1,49.463730352208124,8.733175359451034
0,0,0,0,0,0,0,0,0,0,1,14.438179777805807,53.57916360363535
0,0,0,0,0,0,0,0,0,0,1,3.1702024014769608,119.73424541894717
0,0,0,0,0,0,1,0,0,0,2,2.049119443483237,72.69868386800448
0,0,0,0,0,0,1,0,0,0,2,8.53441083284034,34.7375933848178
0,0,0,0,0,0,1,0,0,0,2,12.931902328144458,77.99030895629362
0,0,0,0,0,0,0,0,0,0,1,13.830350365663573,70.66872062922504
0,0,0,0,0,0,0,0,0,0,1,40.1129392164027,5.34677685223751
0,0,0,0,0,0,0,0,0,0,1,36.593214682365186,5.229915146769039
0,0,0,0,0,0,1,0,0,0,2,3.915904939772578,124.75317993150173
0,0,0,0,0,0,0,0,0,0,1,48.19847377998012,7.389489339088798
0,0,0,0,0,0,0,0,0,0,1,20.917555012574,6.19106001771557
0,0,0,0,0,0,1,0,0,0,2,4.080230516658473,121.72528710934479
0,0,0,0,0,0,0,0,0,0,1,2.57372334698882,139.63872393193122
0,0,0,0,0,0,0,0,0,0,1,3.2276688660744197,79.11214647351312
0,0,0,0,0,0,1,0,0,0,2,3.0727724896381856,150.874946140409
0,0,0,0,0,0,0,0,0,0,1,5.885944397629199,49.22085381202495
0,0,0,0,0,0,1,0,0,0,2,33.17265316788193,6.133572667616657
0,0,0,0,0,0,1,0,0,0,2,3.312967199113172,95.5842443057247
0,0,0,0,0,0,1,0,0,0,2,41.32890850926118,6.224370198528734
0,0,0,0,0,0,0,0,0,0,1,2.5472184013059556,199.07217056129818
0,0,0,0,0,0,1,0,0,0,2,14.122619238144319,32.3316445947015
0,0,0,0,0,0,0,0,0,0,1,2.8835951585418833,76.43206268968487
0,0,0,0,0,0,0,0,0,0,1,40.30322149366225,8.615426607912397
0,0,0,0,0,0,0,0,0,0,1,29.24113640664301,4.410691281278018
0,0,0,0,0,0,1,0,0,0,2,9.926738482973166,50.05281980953172
0,0,0,0,0,0,1,0,0,0,2,41.40977535285543,6.437016111447423
0,0,0,0,0,0,0,0,0,0,1,4.2231819790636616,111.43662625009517
0,0,0,0,0,0,0,0,0,0,1,3.6145698260971812,73.37001243206903
0,0,0,0,0,0,1,0,0,0,2,2.506796612179772,152.11689361262268
0,0,0,0,0,0,1,0,0,0,2,2.567304182201788,99.18717319822733
0,0,0,0,0,0,1,0,0,0,2,37.39248703720055,8.490094638014579
0,0,0,0,0,0,0,0,0,0,1,13.511311521578733,36.36768169575387
0,0,0,0,0,0,1,0,0,0,2,5.095995586626008,26.35450130543167
0,0,0,0,0,0,0,0,0,0,1,3.4844600129317995,94.792814741043
0,0,0,0,0,0,1,0,0,0,2,8.472890390996707,20.37308628939701
0,0,0,0,0,0,1,0,0,0,2,8.84631441125001,24.60958179978213
0,0,0,0,0,0,1,0,0,0,2,13.113332810314994,31.649879679514914
0,0,0,0,0,0,1,0,0,0,2,22.70371130184924,84.12377868015002
0,0,0,0,0,0,1,0,0,0,2,13.788036822700487,71.22427229601227
0,0,0,0,0,0,0,0,0,0,1,10.486031398137833,31.729839372423502
0,0,0,0,0,0,1,0,0,0,2,45.76239384048533,6.957808184853246
0,0,0,0,0,0,0,0,0,0,1,4.435081719407724,71.52161284613216
0,0,0,0,0,0,1,0,0,0,2,13.350841123171879,23.14781835953926
0,0,0,0,0,0,1,0,0,0,2,21.26039880222134,63.255989762908
0,0,0,0,0,0,1,0,0,0,2,24.54005671876033,66.9922835505441
0,0,0,0,0,0,1,0,0,0,2,22.54099593862516,59.739977295779624
0,0,0,0,0,0,1,0,0,0,2,41.31041734466787,2.6318419013048313
0,0,0,0,0,0,0,0,0,0,1,31.296998335408613,4.283512370387509
0,0,0,0,0,0,0,0,0,0,1,14.849380412928472,57.797644411954956
0,0,0,0,0,0,0,0,0,0,1,44.766866668362454,5.666580821776624
0,0,0,0,0,0,1,0,0,0,2,7.14364224098621,36.79030015009825
0,0,0,0,0,0,1,0,0,0,2,3.2576659993966723,75.26621581653984
0,0,0,0,0,0,0,0,0,0,1,29.815326444248946,3.6719855808958073
0,0,0,0,0,0,1,0,0,0,2,2.4071697715711355,185.3303180616468
0,0,0,0,0,0,0,0,0,0,1,9.57165732477071,47.4319344740112
0,0,0,0,0,0,0,0,0,0,1,7.022424494917119,40.21795632552554
0,0,0,0,0,0,1,0,0,0,2,3.4791934628672383,180.2718465681262
0,0,0,0,0,0,1,0,0,0,2,10.023581458374508,55.68289247752845
0,0,0,0,0,0,0,0,0,0,1,3.973762022079575,65.78348314670761
0,0,0,0,0,0,0,0,0,0,1,4.291866359857131,77.06570890535158
0,0,0,0,0,0,0,0,0,0,1,18.42882524798779,97.16375611520483
0,0,0,0,0,0,0,0,0,0,1,2.205976322176497,81.02708675070946
0,0,0,0,0,0,0,0,0,0,1,11.119620185424894,26.84278832773646
0,0,0,0,0,0,1,0,0,0,2,25.928687247346204,3.500164157162259
0,0,0,0,0,0,1,0,0,0,2,16.811096278731405,91.67895962599647
0,0,0,0,0,0,1,0,0,0,2,16.490772243469934,93.27520508917607
0,0,0,0,0,0,0,0,0,0,1,24.66770090987277,71.12619290459797
0,0,0,0,0,0,1,0,0,0,2,26.77998245313718,52.87132030773255
0,0,0,0,0,0,1,0,0,0,2,22.946141603540603,65.4869602847434
0,0,0,0,0,0,1,0,0,0,2,3.7134256351911623,84.59723150822643
0,0,0,0,0,0,0,0,0,0,1,4.631211125421485,165.62443567058628
0,0,0,0,0,0,0,0,0,0,1,8.917164589891453,56.706675313669784
0,0,0,0,0,0,1,0,0,0,2,27.345897205875996,61.381226899546874
0,0,0,0,0,0,1,0,0,0,2,5.15901076651828,51.448562168983095
0,0,0,0,0,0,1,0,0,0,2,17.061662070154,71.63970028414995
0,0,0,0,0,0,1,0,0,0,2,13.861923455513294,60.94576818710202
0,0,0,0,0,0,0,0,0,0,1,22.161651056279446,91.15630871528595
0,0,0,0,0,0,0,0,0,0,1,30.777801215258265,8.652017095171274
0,0,0,0,0,0,1,0,0,0,2,6.575401706472862,21.822983352627965
0,0,0,0,0,0,1,0,0,0,2,10.132293455991482,87.19775096827695
0,0,0,0,0,0,0,0,0,0,1,11.43887188643539,37.03118623560961
0,0,0,0,0,0,0,0,0,0,1,38.5093102154895,2.0090192586807696
0,0,0,0,0,0,1,0,0,0,2,6.441855406396266,28.626631755922798
0,0,0,0,0,0,0,0,0,0,1,11.65091519851821,45.716234427150496
0,0,0,0,0,0,1,0,0,0,2,12.288743712450344,55.56283362305122
0,0,0,0,0,0,0,0,0,0,1,4.385531970636892,72.12180669275875
0,0,0,0,0,0,0,0,0,0,1,10.436791815450745,56.647471246409836
0,0,0,0,0,0,0,0,0,0,1,28.289293860652364,67.12975878747318
0,0,0,0,0,0,1,0,0,0,2,13.286112357555535,30.646322780762773
0,0,0,0,0,0,1,0,0,0,2,3.4326900021618423,98.45532541649521
0,0,0,0,0,0,1,0,0,0,2,44.098668722144524,9.462971110882316
0,0,0,0,0,0,0,0,0,0,1,20.012160290944994,52.06270283656001
0,0,0,0,0,0,0,0,0,0,1,2.7642702973946096,129.35055609906058
0,0,0,0,0,0,1,0,0,0,2,29.428830113203862,67.61867036957734
0,0,0,0,0,0,1,0,0,0,2,29.720555848747473,58.252288171207255
0,0,0,0,0,0,0,0,0,0,1,44.03013057509285,6.214013709994761
0,0,0,0,0,0,1,0,0,0,2,12.201749261355033,42.0921465334159
0,0,0,0,0,0,0,0,0,0,1,2.012180082874655,69.01327200910787
0,0,0,0,0,0,0,0,0,0,1,2.695989783410502,136.1942037290217
0,0,0,0,0,0,1,0,0,0,2,21.533838981242763,77.90282265901041
0,0,0,0,0,0,1,0,0,0,2,11.922593218398738,29.70474987845883
0,0,0,0,0,0,1,0,0,0,2,10.787097836924886,94.58916603013044
0,0,0,0,0,0,0,0,0,0,1,4.357973902979706,199.0096373454069
0,0,0,0,0,0,1,0,0,0,2,4.9729205115413695,138.30362558487425
0,0,0,0,0,0,0,0,0,0,1,5.452305042139017,54.00563235526319
0,0,0,0,0,0,1,0,0,0,2,3.320784387942931,59.843729490107776
0,0,0,0,0,0,0,0,0,0,1,10.193077741496928,23.038981993417792
0,0,0,0,0,0,1,0,0,0,2,8.498032356898687,34.063353685664374
0,0,0,0,0,0,1,0,0,0,2,12.115016483415683,84.25406512005442
0,0,0,0,0,0,0,0,0,0,1,22.19088466992479,7.935913388221058
0,0,0,0,0,0,0,0,0,0,1,2.035889278015748,189.38117542308035
0,0,0,0,0,0,0,0,0,0,1,11.960977835867059,22.04537642750894
0,0,0,0,0,0,1,0,0,0,2,31.591209089198344,7.870174902527702
0,0,0,0,0,0,0,0,0,0,1,24.235382785356506,4.314909626231823
0,0,0,0,0,0,0,0,0,0,1,12.815855491616464,28.227608709968514
0,0,0,0,0,0,0,0,0,0,1,46.98175318129044,9.265224363067146
0,0,0,0,0,0,0,0,0,0,1,4.856478973346208,144.8154652468512
0,0,0,0,0,0,0,0,0,0,1,48.873063707421366,6.338506749699046
0,0,0,0,0,0,1,0,0,0,2,3.0390122356559663,150.85570414847956
0,0,0,0,0,0,0,0,0,0,1,24.273259408483035,5.781670550658313
0,0,0,0,0,0,0,0,0,0,1,2.217268001875435,175.5975561274584
0,0,0,0,0,0,0,0,0,0,1,31.06511404249588,7.284467215856721
0,0,0,0,0,0,1,0,0,0,2,23.868474690140967,65.87625175184546
0,0,0,0,0,0,0,0,0,0,1,40.81806636237988,5.876459409344378
0,0,0,0,0,0,0,0,0,0,1,4.559122460467907,135.49471710287384
0,0,0,0,0,0,0,0,0,0,1,4.058114517606841,193.63068069548038
0,0,0,0,0,0,0,0,0,0,1,30.572912872323876,5.160238351500554
0,0,0,0,0,0,0,0,0,0,1,3.150875038100182,86.67943104871338
0,0,0,0,0,0,0,0,0,0,1,2.703428763289962,56.324601063718276
0,0,0,0,0,0,1,0,0,0,2,13.1746571104015,30.63783301095938
0,0,0,0,0,0,0,0,0,0,1,2.729065376614851,117.57880364004326
0,0,0,0,0,0,0,0,0,0,1,20.746040120821867,56.94589424225219
0,0,0,0,0,0,1,0,0,0,2,4.477243896718438,122.29378038066261
0,0,0,0,0,0,1,0,0,0,2,3.050512489981095,112.03644195541366
0,0,0,0,0,0,0,0,0,0,1,36.29228616627661,4.926477045025792
0,0,0,0,0,0,1,0,0,0,2,9.91213079788527,22.07287244862671
0,0,0,0,0,0,1,0,0,0,2,5.987926537848089,56.77542894290654
0,0,0,0,0,0,0,0,0,0,1,4.411060675970827,159.757966175294
0,0,0,0,0,0,0,0,0,0,1,4.157721273879421,162.81950923241527
0,0,0,0,0,0,0,0,0,0,1,16.520995404440473,61.25507898651447
0,0,0,0,0,0,0,0,0,0,1,23.39134784195314,2.192527376135491
0,0,0,0,0,0,0,0,0,0,1,26.43364790194953,2.234702818195525
0,0,0,0,0,0,0,0,0,0,1,2.407683334632903,58.28204161984717
0,0,0,0,0,0,0,0,0,0,1,21.360927454303866,8.214336596499923
0,0,0,0,0,0,1,0,0,0,2,6.826242006889948,34.66072262500403
0,0,0,0,0,0,0,0,0,0,1,4.442901254087562,185.3529045414608
0,0,0,0,0,0,0,0,0,0,1,3.0495446707855964,115.45625034489404
0,0,0,0,0,0,0,0,0,0,1,24.69223369051876,81.94532344544398
0,0,0,0,0,0,0,0,0,0,1,14.158594507518146,21.647813929914115
0,0,0,0,0,0,1,0,0,0,2,4.082156062782434,56.96861536177282
0,0,0,0,0,0,1,0,0,0,2,13.370225931996048,53.2445871927768
0,0,0,0,0,0,1,0,0,0,2,13.794466074788788,23.792272440676825
0,0,0,0,0,0,0,0,0,0,1,40.57858368484371,4.5196373802399625
0,0,0,0,0,0,1,0,0,0,2,9.841001352131967,28.30586929510637
0,0,0,0,0,0,0,0,0,0,1,13.405121619051643,22.073016680769314
0,0,0,0,0,0,0,0,0,0,1,3.76527187834663,176.5826321279203
0,0,0,0,0,0,0,0,0,0,1,27.839752115032002,82.58183891889632
0,0,0,0,0,0,0,0,0,0,1,6.818239192595951,23.638089290446878
0,0,0,0,0,0,1,0,0,0,2,27.900239534816084,68.90835117176117
0,0,0,0,0,0,0,0,0,0,1,10.596332428147484,54.807806730295205
0,0,0,0,0,0,1,0,0,0,2,4.864846551737019,144.32917165380792
0,0,0,0,0,0,0,0,0,0,1,14.873260113839944,49.135875717506465
0,0,0,0,0,0,1,0,0,0,2,11.324741504345042,41.20701085500632
0,0,0,0,0,0,1,0,0,0,2,14.950852241167446,87.02605376096855
0,0,0,0,0,0,0,0,0,0,1,16.824094149766996,65.11577861381129
0,0,0,0,0,0,1,0,0,0,2,3.017709220944339,178.62742671485384
0,0,0,0,0,0,0,0,0,0,1,22.907730565897378,7.562056886723263
0,0,0,0,0,0,1,0,0,0,2,13.881324581503009,54.636516767075854
0,0,0,0,0,0,1,0,0,0,2,4.292830601203635,127.88900148041162
0,0,0,0,0,0,0,0,0,0,1,14.362593679210766,35.07392664672076
0,0,0,0,0,0,1,0,0,0,2,47.01283034362827,4.9978205542168705
0,0,0,0,0,0,0,0,0,0,1,24.063988660285442,2.595452035161334
0,0,0,0,0,0,1,0,0,0,2,3.7982070256321863,90.34991120807756
0,0,0,0,0,0,1,0,0,0,2,7.612759990619021,50.49817586117206
0,0,0,0,0,0,1,0,0,0,2,5.6274921176439126,38.88089461963144
0,0,0,0,0,0,1,0,0,0,2,2.410160104091334,149.34833113017584
0,0,0,0,0,0,0,0,0,0,1,47.83274067378257,8.993795805989388
0,0,0,0,0,0,0,0,0,0,1,24.009589046045186,94.5362715090724
0,0,0,0,0,0,1,0,0,0,2,5.3496830032232126,29.971893809795034
0,0,0,0,0,0,1,0,0,0,2,32.42060004582313,5.411356398872037
0,0,0,0,0,0,1,0,0,0,2,27.75084475655163,96.60779249872807
0,0,0,0,0,0,0,0,0,0,1,48.708985527061245,4.9097406418677165
0,0,0,0,0,0,1,0,0,0,2,27.912802859305184,70.47068428643495
0,0,0,0,0,0,1,0,0,0,2,29.359890376723648,89.82136607375537
0,0,0,0,0,0,0,0,0,0,1,10.748758773640379,70.31546494822715
0,0,0,0,0,0,0,0,0,0,1,3.478627781739314,71.55370529311965
0,0,0,0,0,0,1,0,0,0,2,6.937421324496421,29.207194436853683
0,0,0,0,0,0,0,0,0,0,1,9.832847639589817,54.80548985713858
0,0,0,0,0,0,0,0,0,0,1,3.224800547134162,181.92726922130996
0,0,0,0,0,0,0,0,0,0,1,43.36611805278843,7.762116572783432
0,0,0,0,0,0,1,0,0,0,2,2.185016527681439,81.85737503325727
0,0,0,0,0,0,0,0,0,0,1,2.420156867218171,144.69230398141298
0,0,0,0,0,0,0,0,0,0,1,3.7171265110982645,109.16956342268463
0,0,0,0,0,0,1,0,0,0,2,36.64965964662605,6.026796088613088
0,0,0,0,0,0,0,0,0,0,1,27.543573705426493,86.52850228208769
0,0,0,0,0,0,0,0,0,0,1,20.866748541336015,90.77151609728136
0,0,0,0,0,0,0,0,0,0,1,10.828085513948206,44.26414969016649
0,0,0,0,0,0,1,0,0,0,2,4.298470126410214,78.21626138105356
0,0,0,0,0,0,1,0,0,0,2,2.4597539733118463,114.92925791165962
0,0,0,0,0,0,1,0,0,0,2,12.10830756265448,32.36953086278754
0,0,0,0,0,0,1,0,0,0,2,14.619918659866547,29.212538717377228
0,0,0,0,0,0,0,0,0,0,1,2.8973802067098298,191.23642187138304
0,0,0,0,0,0,1,0,0,0,2,11.233017657796612,46.68332055441419
0,0,0,0,0,0,1,0,0,0,2,8.358731765574808,46.174945054752456
0,0,0,0,0,0,1,0,0,0,2,3.4715124800668615,135.1422847495606
0,0,0,0,0,0,1,0,0,0,2,22.340948922712197,59.4377662225436
0,0,0,0,0,0,0,0,0,0,1,14.682944978975204,87.49540309144862
0,0,0,0,0,0,0,0,0,0,1,4.830431746269689,180.77664837811727
0,0,0,0,0,0,0,0,0,0,1,43.39527357688124,6.5852590470215135
0,0,0,0,0,0,1,0,0,0,2,23.49915561910266,69.23929337193057
0,0,0,0,0,0,0,0,0,0,1,4.165642748717103,171.32785837389878
0,0,0,0,0,0,0,0,0,0,1,23.897954935701154,64.31548580649786
0,0,0,0,0,0,0,0,0,0,1,27.233692393936565,98.5939211311669
0,0,0,0,0,0,1,0,0,0,2,2.258231221673026,51.16938563139183
0,0,0,0,0,0,1,0,0,0,2,41.484914899940904,8.492176040051833
0,0,0,0,0,0,1,0,0,0,2,2.0506300925456626,126.16486134373419
0,0,0,0,0,0,0,0,0,0,1,46.413959038931786,9.775837345504307
0,0,0,0,0,0,0,0,0,0,1,20.55343164208116,60.40799772721516
0,0,0,0,0,0,1,0,0,0,2,3.9457703885534725,137.7019396424535
0,0,0,0,0,0,0,0,0,0,1,10.835218074235119,60.00937970138681
0,0,0,0,0,0,0,0,0,0,1,4.5400359873585,175.7154889993214
0,0,0,0,0,0,0,0,0,0,1,26.056899332598213,79.38805539412412
0,0,0,0,0,0,0,0,0,0,1,12.445407650101329,43.71710410731174
0,0,0,0,0,0,0,0,0,0,1,13.841700652423192,54.86154223514279
0,0,0,0,0,0,0,0,0,0,1,14.53569105225295,20.59292581884153
0,0,0,0,0,0,1,0,0,0,2,6.5725094589026964,46.09238521507081
0,0,0,0,0,0,0,0,0,0,1,19.682984759178833,78.09082204332819
0,0,0,0,0,0,0,0,0,0,1,11.662517857874391,53.246063253549295
0,0,0,0,0,0,0,0,0,0,1,2.1867581055161085,57.953861275556534
0,0,0,0,0,0,1,0,0,0,2,3.622415993572961,197.5905985610365
0,0,0,0,0,0,0,0,0,0,1,31.537888574529244,4.5603264669901264
0,0,0,0,0,0,1,0,0,0,2,2.899048330247364,72.0111121911462
0,0,0,0,0,0,1,0,0,0,2,4.8302101086910305,159.58481665221225
0,0,0,0,0,0,1,0,0,0,2,21.598267066948715,5.596847760761135
0,0,0,0,0,0,0,0,0,0,1,11.475841310360417,89.40009494863705
0,0,0,0,0,0,0,0,0,0,1,2.0060462098028182,76.69058718842521
0,0,0,0,0,0,1,0,0,0,2,2.201936099128569,99.00464639744013
0,0,0,0,0,0,1,0,0,0,2,12.768592462449647,41.174307181326384
0,0,0,0,0,0,0,0,0,0,1,10.480869405168356,29.57401961114627
0,0,0,0,0,0,1,0,0,0,2,4.233021166346186,110.9746738837392
0,0,0,0,0,0,0,0,0,0,1,24.75526172860534,93.7891300237857
0,0,0,0,0,0,1,0,0,0,2,29.583293022064368,2.212956346605253
0,0,0,0,0,0,1,0,0,0,2,33.711458536602585,9.7748327337609
0,0,0,0,0,0,1,0,0,0,2,11.049018158784332,32.30414002689461
0,0,0,0,0,0,1,0,0,0,2,28.187833184214423,5.59652136276061
0,0,0,0,0,0,0,0,0,0,1,26.56382518847034,85.43574127544508
0,0,0,0,0,0,1,0,0,0,2,4.0957953868477555,55.17788430004465
0,0,0,0,0,0,1,0,0,0,2,25.726169651078354,71.96701037762087
0,0,0,0,0,0,1,0,0,0,2,21.453971600360134,3.9823215077672476
0,0,0,0,0,0,1,0,0,0,2,5.580591122201218,38.4671413191809
0,0,0,0,0,0,1,0,0,0,2,24.828977685723114,7.443059332884578
0,0,0,0,0,0,1,0,0,0,2,14.225807627119007,87.78919102490937
0,0,0,0,0,0,0,0,0,0,1,10.246132807334611,45.795038378189126
0,0,0,0,0,0,0,0,0,0,1,13.948434457740955,57.71876869992242
0,0,0,0,0,0,0,0,0,0,1,43.82687058571538,3.493654478258528
0,0,0,0,0,0,0,0,0,0,1,4.76933753287231,127.41453190760018
0,0,0,0,0,0,1,0,0,0,2,11.236126662926804,56.002854601992894
0,0,0,0,0,0,0,0,0,0,1,6.135048280473424,40.59907061647044
0,0,0,0,0,0,1,0,0,0,2,18.009929379247026,58.975382140494546
0,0,0,0,0,0,0,0,0,0,1,16.53062779446135,87.15952349786664
0,0,0,0,0,0,1,0,0,0,2,3.443800771412785,102.53991207518733
0,0,0,0,0,0,0,0,0,0,1,42.522665748944405,4.268184254552065
0,0,0,0,0,0,1,0,0,0,2,40.41714488047195,4.689699055253167
0,0,0,0,0,0,0,0,0,0,1,39.8949532771477,4.4287066625755
0,0,0,0,0,0,0,0,0,0,1,26.044271782254476,62.333703744998644
0,0,0,0,0,0,0,0,0,0,1,25.313920547273863,81.52453425511305
0,0,0,0,0,0,0,0,0,0,1,14.128897812414152,48.84941825511527
0,0,0,0,0,0,0,0,0,0,1,13.80446097065661,33.763771127862164
0,0,0,0,0,0,1,0,0,0,2,8.235214231421272,29.723273896109518
0,0,0,0,0,0,0,0,0,0,1,25.209390693722682,58.53164189453426
0,0,0,0,0,0,1,0,0,0,2,10.136932986133377,54.32522314609032
0,0,0,0,0,0,0,0,0,0,1,3.351258815090575,103.87443771350337
0,0,0,0,0,0,1,0,0,0,2,18.97869307489804,89.29420304916486
0,0,0,0,0,0,0,0,0,0,1,11.246119464905021,27.454013075959725
0,0,0,0,0,0,1,0,0,0,2,21.08619520822465,76.74619519761775
0,0,0,0,0,0,0,0,0,0,1,39.57782305711636,8.422704552010774
0,0,0,0,0,0,1,0,0,0,2,10.992628504841901,24.35357198578171
0,0,0,0,0,0,0,0,0,0,1,30.56634349494852,7.603570816903447
0,0,0,0,0,0,1,0,0,0,2,48.241058043890064,5.668056811102309
0,0,0,0,0,0,0,0,0,0,1,10.941169270398058,23.121622199031933
0,0,0,0,0,0,1,0,0,0,2,7.821299749727708,29.625043163854862
0,0,0,0,0,0,0,0,0,0,1,8.912901092719611,49.75179920864434
0,0,0,0,0,0,1,0,0,0,2,20.294378780969595,51.56354673704824
0,0,0,0,0,0,0,0,0,0,1,17.496568505278304,73.65531025459195
0,0,0,0,0,0,0,0,0,0,1,46.54854331025025,7.632850885848768
0,0,0,0,0,0,1,0,0,0,2,7.8061007968153175,38.38481281315707
0,0,0,0,0,0,1,0,0,0,2,28.402685698502502,73.05038552817255
0,0,0,0,0,0,0,0,0,0,1,2.6532257482902395,128.09691334147857
0,0,0,0,0,0,1,0,0,0,2,2.4251158363219445,178.10491487251048
0,0,0,0,0,0,1,0,0,0,2,45.13453057930023,9.659744118757096
0,0,0,0,0,0,0,0,0,0,1,13.17916062935619,37.585753529572045
0,0,0,0,0,0,0,0,0,0,1,21.571187064242665,98.11195574626169
0,0,0,0,0,0,0,0,0,0,1,4.831605209188405,115.8588948602137
0,0,0,0,0,0,1,0,0,0,2,28.333241981008058,74.17573206207862
0,0,0,0,0,0,0,0,0,0,1,23.60751740513312,77.66770961556938
0,0,0,0,0,0,0,0,0,0,1,49.335945902668435,8.13630254694359
0,0,0,0,0,0,0,0,0,0,1,27.657468118279493,5.0313323281984825
0,0,0,0,0,0,1,0,0,0,2,47.534610093002655,7.15104598100559
0,0,0,0,0,0,1,0,0,0,2,25.996804875212142,59.94268687981343
0,0,0,0,0,0,0,0,0,0,1,22.472345166027,99.02300707126236
0,0,0,0,0,0,0,0,0,0,1,18.21434220509051,51.99760912271035
0,0,0,0,0,0,0,0,0,0,1,4.286014419079383,180.53696867260354
0,0,0,0,0,0,1,0,0,0,2,25.199299442642726,51.41903341579698
0,0,0,0,0,0,0,0,0,0,1,3.923378337131166,144.6937199094261
0,0,0,0,0,0,1,0,0,0,2,7.984458738272964,48.93948281137355
0,0,0,0,0,0,1,0,0,0,2,27.05568447155261,2.67020009904003
0,0,0,0,0,0,1,0,0,0,2,3.202469562530479,107.3881431557009
0,0,0,0,0,0,0,0,0,0,1,22.88782759795314,85.88416032851256
0,0,0,0,0,0,0,0,0,0,1,29.284943724562464,60.46682452034446
0,0,0,0,0,0,1,0,0,0,2,29.036466612448045,99.86631890340927
0,0,0,0,0,0,1,0,0,0,2,10.009111686147394,34.42983613058101
0,0,0,0,0,0,1,0,0,0,2,14.590738689471447,90.8605219308375
0,0,0,0,0,0,0,0,0,0,1,16.411253828564803,74.66284587982192
0,0,0,0,0,0,1,0,0,0,2,23.965145144248396,74.54284123076242
0,0,0,0,0,0,1,0,0,0,2,14.489570512008338,29.72727755956766
0,0,0,0,0,0,0,0,0,0,1,28.814806439636,6.831098602292081
0,0,0,0,0,0,1,0,0,0,2,11.228457838850385,46.86730538696571
0,0,0,0,0,0,0,0,0,0,1,28.44532890061158,99.98231114480319
0,0,0,0,0,0,0,0,0,0,1,33.02335898922661,9.036929444180418
0,0,0,0,0,0,0,0,0,0,1,2.334196857002275,146.49705933349202
0,0,0,0,0,0,1,0,0,0,2,21.090694826278416,81.54137969192486
0,0,0,0,0,0,1,0,0,0,2,26.607226859085273,5.900540025840543
0,0,0,0,0,0,0,0,0,0,1,13.567677070016176,32.27193630632026
0,0,0,0,0,0,0,0,0,0,1,26.239056547337803,7.497041117719253
0,0,0,0,0,0,1,0,0,0,2,13.278291463941116,42.4026838750552
0,0,0,0,0,0,0,0,0,0,1,27.38863456816089,5.34565890300847
0,0,0,0,0,0,0,0,0,0,1,24.545928787872406,78.53156402399476
0,0,0,0,0,0,1,0,0,0,2,4.461362483627006,121.36791381150138
0,0,0,0,0,0,0,0,0,0,1,8.587945705044543,48.47619439199849
0,0,0,0,0,0,0,0,0,0,1,2.7224498906930483,56.32050662380082
0,0,0,0,0,0,0,0,0,0,1,9.203572336407712,38.881930026053084
0,0,0,0,0,0,1,0,0,0,2,14.572352499685582,54.76999869469311
0,0,0,0,0,0,1,0,0,0,2,4.778551248381309,139.777011798363
0,0,0,0,0,0,0,0,0,0,1,2.7741172688550897,71.09104918633197
0,0,0,0,0,0,0,0,0,0,1,3.912804198817022,129.84429432316705
0,0,0,0,0,0,0,0,0,0,1,39.10491039498532,5.810156279909083
0,0,0,0,0,0,1,0,0,0,2,2.2335034377016827,167.28265860841043
0,0,0,0,0,0,1,0,0,0,2,20.02971149636463,2.4305392483747132
0,0,0,0,0,0,0,0,0,0,1,3.7013823951189018,183.77312890700549
0,0,0,0,0,0,1,0,0,0,2,22.23443262728062,7.8694663520644434
0,0,0,0,0,0,1,0,0,0,2,4.833469639887228,165.23055276970115
0,0,0,0,0,0,1,0,0,0,2,28.648363444632523,9.187828305068056
0,0,0,0,0,0,1,0,0,0,2,16.26776185590358,63.842378617375275
0,0,0,0,0,0,0,0,0,0,1,7.543285920017555,31.345478355146952
0,0,0,0,0,0,0,0,0,0,1,14.604911867223864,57.694092752496374
0,0,0,0,0,0,0,0,0,0,1,11.92393187305789,57.65373083560797
0,0,0,0,0,0,0,0,0,0,1,6.759884657862038,44.88533812534271
0,0,0,0,0,0,0,0,0,0,1,43.99778669051358,5.569813429585305
0,0,0,0,0,0,1,0,0,0,2,5.836710169356039,36.44828861179086
0,0,0,0,0,0,0,0,0,0,1,23.5285507921572,79.60161815908404
0,0,0,0,0,0,0,0,0,0,1,13.58733525452711,49.993359602536174
0,0,0,0,0,0,0,0,0,0,1,25.46608919913581,97.26368720018796
0,0,0,0,0,0,0,0,0,0,1,26.14656707062182,74.02391215147514
0,0,0,0,0,0,0,0,0,0,1,35.66050931954471,6.236142337911539
0,0,0,0,0,0,1,0,0,0,2,9.71917096584109,56.89011175585681
0,0,0,0,0,0,1,0,0,0,2,20.42079227954517,56.02360073484428
0,0,0,0,0,0,1,0,0,0,2,4.7311811240309005,106.20515008696901
0,0,0,0,0,0,0,0,0,0,1,42.08819423737357,3.838844611540651
0,0,0,0,0,0,1,0,0,0,2,29.8857340808597,83.06720415726463
0,0,0,0,0,0,0,0,0,0,1,2.5377901331313573,139.57422568396333
0,0,0,0,0,0,0,0,0,0,1,17.767264713180374,92.2838353469347
0,0,0,0,0,0,0,0,0,0,1,11.191668112746875,38.94275937950372
0,0,0,0,0,0,0,0,0,0,1,12.697575529023744,29.10754187599714
0,0,0,0,0,0,1,0,0,0,2,22.072132994796547,67.89998871713667
0,0,0,0,0,0,0,0,0,0,1,9.897175158392681,46.85794533613347
0,0,0,0,0,0,0,0,0,0,1,7.202814430446952,51.279128538894035
0,0,0,0,0,0,1,0,0,0,2,2.66072549193196,51.51504556919227
0,0,0,0,0,0,0,0,0,0,1,21.197806334717125,81.4828795011743
0,0,0,0,0,0,0,0,0,0,1,3.3078399675705334,185.0981621511841
0,0,0,0,0,0,1,0,0,0,2,2.984127892068626,64.38335291288283
0,0,0,0,0,0,1,0,0,0,2,11.47417148275236,77.54605768824499
0,0,0,0,0,0,0,0,0,0,1,2.097181913187722,184.3488930365545
0,0,0,0,0,0,1,0,0,0,2,16.471425060273067,87.03089590244518
0,0,0,0,0,0,0,0,0,0,1,7.925471644565834,48.613419446948356
0,0,0,0,0,0,1,0,0,0,2,4.842874342684965,88.41303613344094
0,0,0,0,0,0,0,0,0,0,1,43.68890516234515,3.3015260695918744
0,0,0,0,0,0,1,0,0,0,2,24.099203003640575,81.71729297160681
0,0,0,0,0,0,1,0,0,0,2,3.7823190703649736,173.98611447756252
0,0,0,0,0,0,0,0,0,0,1,36.730747460600455,6.657117314873149
0,0,0,0,0,0,0,0,0,0,1,21.094066094617975,9.920034708128089
0,0,0,0,0,0,0,0,0,0,1,11.629445776411185,49.13144300807295
0,0,0,0,0,0,1,0,0,0,2,21.314685612549276,85.4795079286311
0,0,0,0,0,0,0,0,0,0,1,26.850156544521294,5.56210897019043
0,0,0,0,0,0,0,0,0,0,1,8.490514786019084,27.931958930463345
0,0,0,0,0,0,1,0,0,0,2,3.987406174751694,187.83495847495772
0,0,0,0,0,0,1,0,0,0,2,4.775906743690141,180.7631013453503
0,0,0,0,0,0,1,0,0,0,2,10.72962985749928,26.378656943089936
0,0,0,0,0,0,1,0,0,0,2,4.169227848303065,102.10690236458322
0,0,0,0,0,0,1,0,0,0,2,24.83568824204208,55.33853421382355
0,0,0,0,0,0,0,0,0,0,1,4.170751725126921,67.161233900504
0,0,0,0,0,0,1,0,0,0,2,3.187990668612474,98.1370121586109
0,0,0,0,0,0,0,0,0,0,1,7.635221261393562,25.76876044911949
0,0,0,0,0,0,0,0,0,0,1,11.193485075899044,23.528741021944008
0,0,0,0,0,0,0,0,0,0,1,25.58353988725798,89.33860030867525
0,0,0,0,0,0,1,0,0,0,2,48.18139870122711,7.163202601132641
0,0,0,0,0,0,0,0,0,0,1,3.3107741037882823,117.00662156620331
0,0,0,0,0,0,1,0,0,0,2,19.54421684940109,51.91053673724916
0,0,0,0,0,0,1,0,0,0,2,43.8027287954381,4.758359463096215
0,0,0,0,0,0,1,0,0,0,2,10.097539208081512,23.55381483875314
0,0,0,0,0,0,0,0,0,0,1,26.92498704073057,2.942825010689628
0,0,0,0,0,0,1,0,0,0,2,2.871965576224129,95.73801412053788
0,0,0,0,0,0,0,0,0,0,1,2.75698445381961,120.54715294436856
0,0,0,0,0,0,1,0,0,0,2,29.175037561416815,9.298105974312243
0,0,0,0,0,0,0,0,0,0,1,12.527019503797685,54.71906954819784
0,0,0,0,0,0,1,0,0,0,2,3.2016525387803925,53.49125932621159
0,0,0,0,0,0,1,0,0,0,2,8.23109672326983,36.92673884555226
0,0,0,0,0,0,0,0,0,0,1,3.3041221069688356,97.02308320959324
0,0,0,0,0,0,0,0,0,0,1,12.107412073449538,42.91618310465783
0,0,0,0,0,0,1,0,0,0,2,11.078068149259874,71.73992037040436
0,0,0,0,0,0,0,0,0,0,1,9.652029373334944,35.125606336707705
0,0,0,0,0,0,0,0,0,0,1,37.79140520037697,7.621699229461492
0,0,0,0,0,0,0,0,0,0,1,2.9238384415517986,77.40625589922966
0,0,0,0,0,0,1,0,0,0,2,16.479697026276547,66.3392367750438
0,0,0,0,0,0,0,0,0,0,1,35.07441513512409,7.738211766408036
0,0,0,0,0,0,0,0,0,0,1,22.644795202256095,82.98773772124936
0,0,0,0,0,0,1,0,0,0,2,3.1992666643990444,142.2784447596198
0,0,0,0,0,0,1,0,0,0,2,10.974401439838514,32.17626260756888
0,0,0,0,0,0,0,0,0,0,1,24.880234010561075,8.624488471718696
0,0,0,0,0,0,0,0,0,0,1,14.892698023709436,24.65587709912366
0,0,0,0,0,0,1,0,0,0,2,3.0379074315368633,59.82426964968924
0,0,0,0,0,0,1,0,0,0,2,23.926403444313266,51.40234565330877
0,0,0,0,0,0,0,0,0,0,1,4.469321972214278,87.09042568738451
0,0,0,0,0,0,1,0,0,0,2,28.897748818827317,3.6635875435869147
0,0,0,0,0,0,1,0,0,0,2,4.532989624825355,160.71229738517403
0,0,0,0,0,0,1,0,0,0,2,7.996190573327535,44.61843124132412
0,0,0,0,0,0,0,0,0,0,1,10.186988665908007,37.79137165131869
0,0,0,0,0,0,0,0,0,0,1,3.694000925003282,92.69102125257167
0,0,0,0,0,0,0,0,0,0,1,2.6235464569941453,86.04103930441062
0,0,0,0,0,0,0,0,0,0,1,22.664868781001196,7.398675293754412
0,0,0,0,0,0,0,0,0,0,1,28.610912467419382,7.890768472995225
0,0,0,0,0,0,1,0,0,0,2,12.85472447608906,71.71381970822053
0,0,0,0,0,0,0,0,0,0,1,14.74335751372085,44.13868400257802
0,0,0,0,0,0,1,0,0,0,2,18.829082440226273,93.57837330783141
0,0,0,0,0,0,0,0,0,0,1,27.786349861339453,58.99524899702443
0,0,0,0,0,0,1,0,0,0,2,13.488080560558776,33.221465986648475
0,0,0,0,0,0,0,0,0,0,1,13.533509700860572,59.13562472444581
0,0,0,0,0,0,1,0,0,0,2,10.673176181582413,99.89355165171595
0,0,0,0,0,0,0,0,0,0,1,3.315350858194684,136.18153798429188
0,0,0,0,0,0,1,0,0,0,2,9.630739659676927,37.97871587999386
0,0,0,0,0,0,0,0,0,0,1,26.589994030978513,59.53932677802087
0,0,0,0,0,0,1,0,0,0,2,6.470380942015202,43.45771288957984
0,0,0,0,0,0,0,0,0,0,1,9.409749205275919,49.7440306080267
0,0,0,0,0,0,1,0,0,0,2,4.683208953397436,107.01767958724199
0,0,0,0,0,0,1,0,0,0,2,46.12882728179906,4.3458131241221345
0,0,0,0,0,0,0,0,0,0,1,11.622236958579055,44.481656067909064
0,0,0,0,0,0,0,0,0,0,1,4.994199802223693,50.56015245759805
0,0,0,0,0,0,1,0,0,0,2,24.87448789395663,94.27788931562903
0,0,0,0,0,0,1,0,0,0,2,47.916743435403994,8.207092845444238
0,0,0,0,0,0,1,0,0,0,2,26.38928313683287,6.3017315333703205
0,0,0,0,0,0,1,0,0,0,2,3.6868168327552633,111.34623978964706
0,0,0,0,0,0,1,0,0,0,2,49.91134453622052,7.235886547948234
0,0,0,0,0,0,0,0,0,0,1,4.294646133887238,101.53783555706377
0,0,0,0,0,0,1,0,0,0,2,42.79802282924473,2.080264447481799
0,0,0,0,0,0,0,0,0,0,1,3.468963931793777,120.22900263938484
0,0,0,0,0,0,1,0,0,0,2,12.305421365232359,72.70889564352312
0,0,0,0,0,0,1,0,0,0,2,10.103936149971668,49.60428800318766
0,0,0,0,0,0,0,0,0,0,1,3.3143292201749315,73.1855202123092
0,0,0,0,0,0,0,0,0,0,1,8.687476030583364,43.92814626708075
0,0,0,0,0,0,0,0,0,0,1,35.80898177325228,3.674584181504171
0,0,0,0,0,0,0,0,0,0,1,3.5126788890067617,59.86359576550508
0,0,0,0,0,0,0,0,0,0,1,8.73510817466704,47.779911505723135
0,0,0,0,0,0,0,0,0,0,1,27.898758853372435,79.39996152157153
0,0,0,0,0,0,1,0,0,0,2,38.82981979424005,8.208927882741039
0,0,0,0,0,0,0,0,0,0,1,8.512970333670554,29.86713721956924
0,0,0,0,0,0,0,0,0,0,1,14.177416187345713,80.59060054040916
0,0,0,0,0,0,0,0,0,0,1,4.571503523858471,172.61848279212688
0,0,0,0,0,0,0,0,0,0,1,3.9468227287118545,54.94558971386796
0,0,0,0,0,0,0,0,0,0,1,2.7478426896977273,140.9141935070634
0,0,0,0,0,0,0,0,0,0,1,3.541105259665801,190.61840494743356
0,0,0,0,0,0,0,0,0,0,1,32.16194988172505,5.045052390215897
0,0,0,0,0,0,1,0,0,0,2,37.73512869622799,6.724188667893503
0,0,0,0,0,0,1,0,0,0,2,25.01345873624249,2.675805096155856
0,0,0,0,0,0,0,0,0,0,1,32.357875472105334,8.154025337644171
0,0,0,0,0,0,0,0,0,0,1,41.966297142164755,4.414703220034953
0,0,0,0,0,0,1,0,0,0,2,16.01975766160369,60.87262476927385
0,0,0,0,0,0,0,0,0,0,1,11.238492550046072,36.8990979728261
0,0,0,0,0,0,0,0,0,0,1,4.566566709979837,64.26144856715624
0,0,0,0,0,0,0,0,0,0,1,33.413138590835246,2.186039455891823
0,0,0,0,0,0,0,0,0,0,1,5.355721731738756,42.857554041546564
0,0,0,0,0,0,1,0,0,0,2,4.416471849539082,170.1440504481905
0,0,0,0,0,0,1,0,0,0,2,9.952884465911595,33.776628886618404
0,0,0,0,0,0,0,0,0,0,1,3.5512136802499317,85.15205975144215
0,0,0,0,0,0,0,0,0,0,1,3.8272552713889874,58.1665493274714
0,0,0,0,0,0,1,0,0,0,2,4.696037741329252,56.54594050699135
0,0,0,0,0,0,0,0,0,0,1,48.41296977679861,4.899469603747416
0,0,0,0,0,0,1,0,0,0,2,14.812130540841117,71.6191689184688
0,0,0,0,0,0,0,0,0,0,1,9.072854454952164,29.728498751300947
0,0,0,0,0,0,0,0,0,0,1,11.898773452572229,52.437220082465885
0,0,0,0,0,0,1,0,0,0,2,10.814689955720354,86.71566575478377
0,0,0,0,0,0,1,0,0,0,2,6.140645156820268,57.655912432851714
0,0,0,0,0,0,1,0,0,0,2,4.082409462651033,97.95092161236064
0,0,0,0,0,0,0,0,0,0,1,9.074714041241165,57.700139202201996
0,0,0,0,0,0,0,0,0,0,1,4.218789771003219,152.96410989792764
0,0,0,0,0,0,0,0,0,0,1,4.705541794822075,122.51846004145622
0,0,0,0,0,0,0,0,0,0,1,3.421131593871997,142.23439275100495
0,0,0,0,0,0,0,0,0,0,1,3.5825592082545477,165.32302122127675
0,0,0,0,0,0,1,0,0,0,2,14.519987112044495,94.62933891938839
0,0,0,0,0,0,0,0,0,0,1,23.878619899194874,8.808395811671858
0,0,0,0,0,0,1,0,0,0,2,8.726381007524594,38.63213453861505
0,0,0,0,0,0,0,0,0,0,1,6.495630803928401,24.77368988953041
0,0,0,0,0,0,0,0,0,0,1,11.71285108386893,72.63600677603412
0,0,0,0,0,0,1,0,0,0,2,31.08602797899009,5.293243918460033
0,0,0,0,0,0,1,0,0,0,2,21.918625982513774,3.234791859705761
0,0,0,0,0,0,1,0,0,0,2,26.640161403505843,69.56980518864849
0,0,0,0,0,0,0,0,0,0,1,13.224859278299746,66.18990227734325
0,0,0,0,0,0,0,0,0,0,1,16.866267802791754,86.4244516445474
0,0,0,0,0,0,0,0,0,0,1,24.368279259059864,7.943406961937796
0,0,0,0,0,0,0,0,0,0,1,3.3464630094521093,180.84176585112627
0,0,0,0,0,0,0,0,0,0,1,2.8775728944560375,82.45330019730514
0,0,0,0,0,0,1,0,0,0,2,31.65582919348157,5.049812433152609
0,0,0,0,0,0,0,0,0,0,1,36.298095108913586,3.0383502790709036
0,0,0,0,0,0,0,0,0,0,1,6.713944108699489,24.69575474275193
0,0,0,0,0,0,1,0,0,0,2,35.827082796558855,4.6249450150333455
0,0,0,0,0,0,1,0,0,0,2,14.259601490839007,64.36119897589768
0,0,0,0,0,0,0,0,0,0,1,25.935068044677614,90.33908909230905
0,0,0,0,0,0,0,0,0,0,1,23.702575960566037,94.76620807354385
0,0,0,0,0,0,0,0,0,0,1,29.370795912973865,4.139340545035345
0,0,0,0,0,0,1,0,0,0,2,26.412073941913906,61.67949509411923
0,0,0,0,0,0,1,0,0,0,2,12.775623401973888,30.40940706944497
0,0,0,0,0,0,1,0,0,0,2,20.949448666095115,7.267357264699614
0,0,0,0,0,0,0,0,0,0,1,3.260211921357059,194.5366454659978
0,0,0,0,0,0,1,0,0,0,2,3.4046713176231584,148.31864033484408
0,0,0,0,0,0,1,0,0,0,2,2.302394927343923,82.77501601422077
0,0,0,0,0,0,0,0,0,0,1,10.884466418124237,58.739986752076476
0,0,0,0,0,0,0,0,0,0,1,45.24544321942868,2.470319249857811
0,0,0,0,0,0,1,0,0,0,2,48.2179251671076,6.553772030319131
0,0,0,0,0,0,1,0,0,0,2,29.72677930416537,93.46204516236429
0,0,0,0,0,0,0,0,0,0,1,12.507671948818912,54.132508684735676
0,0,0,0,0,0,1,0,0,0,2,5.994293056376156,32.35480155276004
0,0,0,0,0,0,0,0,0,0,1,7.299888975213448,57.65323855486052
0,0,0,0,0,0,0,0,0,0,1,24.75480036612098,5.75062925030985
0,0,0,0,0,0,1,0,0,0,2,4.517244397315061,161.99490348937644
0,0,0,0,0,0,1,0,0,0,2,23.706254968771,3.365503836763806
0,0,0,0,0,0,0,0,0,0,1,21.96842734239424,63.83002289657314
0,0,0,0,0,0,0,0,0,0,1,47.3457649349483,5.116595733385478
0,0,0,0,0,0,1,0,0,0,2,29.49890082879414,7.466205004491268
0,0,0,0,0,0,0,0,0,0,1,8.954709415033735,20.869226197320057
0,0,0,0,0,0,0,0,0,0,1,11.541834800170042,49.20077334320032
0,0,0,0,0,0,0,0,0,0,1,20.250880695722827,4.696206606859614
0,0,0,0,0,0,1,0,0,0,2,36.67459787292692,2.581870665274506
0,0,0,0,0,0,1,0,0,0,2,14.695008814029748,49.881856278406275
0,0,0,0,0,0,1,0,0,0,2,7.225535678642332,22.82965421663154
0,0,0,0,0,0,0,0,0,0,1,28.178939417364898,97.49057701283218
0,0,0,0,0,0,0,0,0,0,1,6.863713663124162,40.808228206650085
0,0,0,0,0,0,1,0,0,0,2,27.897824948105427,5.262023490831523
0,0,0,0,0,0,0,0,0,0,1,22.608849757010127,98.78449698279434
0,0,0,0,0,0,0,0,0,0,1,41.984877651876076,8.48174176366598
0,0,0,0,0,0,1,0,0,0,2,3.0385448968332858,96.59297162755783
0,0,0,0,0,0,0,0,0,0,1,29.858000350249046,80.153779957034
0,0,0,0,0,0,1,0,0,0,2,15.120305927327852,87.15310996931072
0,0,0,0,0,0,1,0,0,0,2,11.000115014750275,93.13464799953874
0,0,0,0,0,0,0,0,0,0,1,13.390192049227217,75.23871367662147
0,0,0,0,0,0,0,0,0,0,1,23.094160218529023,90.0636487934712
0,0,0,0,0,0,0,0,0,0,1,13.080646865053811,35.94686700209179
0,0,0,0,0,0,1,0,0,0,2,2.4026526477043575,81.0372711367716
0,0,0,0,0,0,0,0,0,0,1,29.516744094117993,62.874159711837564
0,0,0,0,0,0,0,0,0,0,1,8.866479607093392,24.66231738861508
0,0,0,0,0,0,1,0,0,0,2,13.108838724646944,50.289520397842026
0,0,0,0,0,0,1,0,0,0,2,48.89146139986379,8.502937173252322
0,0,0,0,0,0,1,0,0,0,2,34.63910183866369,3.5601578890734773
0,0,0,0,0,0,0,0,0,0,1,4.012270815398399,193.7756138346818
0,0,0,0,0,0,0,0,0,0,1,11.948357289561878,29.362662512749548
0,0,0,0,0,0,1,0,0,0,2,13.934733507598281,22.058511823443144
0,0,0,0,0,0,1,0,0,0,2,3.682330665087983,126.54734369673783
0,0,0,0,0,0,1,0,0,0,2,6.869643341080649,56.7279770616132
0,0,0,0,0,0,0,0,0,0,1,35.288356940708724,7.1878867969473985
0,0,0,0,0,0,0,0,0,0,1,28.3941876448192,6.6746096556800145
0,0,0,0,0,0,1,0,0,0,2,40.32525718927877,4.8044456447996176
0,0,0,0,0,0,1,0,0,0,2,28.898140680736443,9.901068294702748
0,0,0,0,0,0,1,0,0,0,2,2.952514109971022,160.36803510437232
0,0,0,0,0,0,1,0,0,0,2,3.7675460673913066,158.46365307523752
0,0,0,0,0,0,0,0,0,0,1,28.288668681160928,4.956408307475485
0,0,0,0,0,0,1,0,0,0,2,29.389166920905982,76.84787101191849
0,0,0,0,0,0,1,0,0,0,2,4.7609501212330745,102.93438274182235
0,0,0,0,0,0,1,0,0,0,2,13.864681584929745,48.44244049565681
0,0,0,0,0,0,0,0,0,0,1,21.08634698355672,9.063182353544718
0,0,0,0,0,0,0,0,0,0,1,17.881197304235627,97.70560431562812
0,0,0,0,0,0,0,0,0,0,1,12.554561017624872,54.28837420864161
0,0,0,0,0,0,0,0,0,0,1,2.9399079242756443,193.91304342960052
0,0,0,0,0,0,1,0,0,0,2,7.844864399807303,38.59878227489867
0,0,0,0,0,0,0,0,0,0,1,25.79704439123519,62.20389950726682
0,0,0,0,0,0,0,0,0,0,1,12.080658832543469,29.986584837354474
0,0,0,0,0,0,1,0,0,0,2,37.746920799345844,3.9298626619369097
0,0,0,0,0,0,0,0,0,0,1,25.56661131387877,87.12519617943818
0,0,0,0,0,0,0,0,0,0,1,21.149943178618475,9.364454338386281
0,0,0,0,0,0,1,0,0,0,2,4.717925257072711,163.56360955128613
0,0,0,0,0,0,0,0,0,0,1,20.438424760507203,90.27468535637239
0,0,0,0,0,0,0,0,0,0,1,4.1547919954965735,181.4898954989015
0,0,0,0,0,0,0,0,0,0,1,3.4625697435183964,88.95260161527071
0,0,0,0,0,0,0,0,0,0,1,13.87901684167438,33.3704385649725
0,0,0,0,0,0,0,0,0,0,1,14.999266626288524,40.832836366990335
0,0,0,0,0,0,0,0,0,0,1,4.39455454496445,96.11795544678998
0,0,0,0,0,0,0,0,0,0,1,3.494642133343702,123.5141007803146
0,0,0,0,0,0,0,0,0,0,1,11.586325390203768,42.21334236627849
0,0,0,0,0,0,1,0,0,0,2,32.75983347569787,5.762240432268951
0,0,0,0,0,0,0,0,0,0,1,2.6011234052615135,163.54844387687945
0,0,0,0,0,0,1,0,0,0,2,25.374377417368095,50.674099579283116
0,0,0,0,0,0,1,0,0,0,2,38.00950660228442,6.3816905827669475
0,0,0,0,0,0,1,0,0,0,2,3.9219772520514917,100.65412965009796
0,0,0,0,0,0,0,0,0,0,1,44.797994360880935,2.503417680936086
0,0,0,0,0,0,1,0,0,0,2,2.092736621338566,87.39737433136686
0,0,0,0,0,0,0,0,0,0,1,27.08283012876816,74.15851817204458
0,0,0,0,0,0,1,0,0,0,2,9.335988915745967,24.621658874627947
0,0,0,0,0,0,1,0,0,0,2,28.071920267828872,70.11378522221784
0,0,0,0,0,0,1,0,0,0,2,29.466937619919214,6.298670617669603
0,0,0,0,0,0,1,0,0,0,2,12.992606789204647,39.608462495820426
0,0,0,0,0,0,1,0,0,0,2,2.1143685019171645,73.98421237399728
0,0,0,0,0,0,1,0,0,0,2,34.689276704315766,5.111919784399925
0,0,0,0,0,0,0,0,0,0,1,25.012125439532127,2.1045229511702477
0,0,0,0,0,0,0,0,0,0,1,3.1767144623670855,184.74227298471558
0,0,0,0,0,0,1,0,0,0,2,4.969313690319645,75.02327530950559
0,0,0,0,0,0,1,0,0,0,2,24.187197640173395,89.44597775756901
0,0,0,0,0,0,0,0,0,0,1,26.378066787810873,81.27738858118971
0,0,0,0,0,0,1,0,0,0,2,27.549556297739997,86.5296072836054
0,0,0,0,0,0,0,0,0,0,1,28.219388110070092,50.72763640663572
